datetime,open,high,low,close,business,volume
2016.09.30,3864.892,3886.147,3847.77,3881.424,169766,446807
2016.10.03,3860.759,3869.615,3807.031,3822.972,163042,411755
2016.10.04,3825.924,3881.424,3815.297,3881.424,212018,587389
2016.10.05,3862.53,3868.435,3827.696,3830.648,151820,387689
2016.10.06,3835.961,3856.036,3827.105,3835.961,163125,395197
2016.10.07,3846.589,3850.722,3792.27,3822.972,214813,551894
2016.10.10,3818.249,3827.696,3798.765,3810.573,128456,303155
2016.10.11,3808.212,3830.648,3791.09,3791.09,208309,505622
2016.10.13,3808.212,3819.43,3769.244,3771.015,184601,441849
2016.10.14,3766.292,3804.669,3754.483,3796.994,208404,504576
2016.10.17,3792.861,3812.935,3780.462,3794.042,140013,325595
2016.10.18,3783.414,3784.595,3760.978,3773.377,143262,353726
2016.10.19,3772.787,3786.957,3747.398,3750.351,162775,412977
2016.10.20,3759.797,3759.797,3711.383,3722.01,180941,457955
2016.10.21,3723.782,3750.941,3721.42,3728.505,146700,370717
2016.10.24,3722.01,3728.505,3685.404,3693.08,148665,374307
2016.10.25,3693.67,3710.202,3669.463,3687.176,189069,491591
2016.10.26,3696.032,3727.915,3683.043,3710.202,187290,485930
2016.10.27,3713.744,3753.893,3696.622,3750.351,178181,461455
2016.10.28,3739.723,3788.728,3732.638,3788.137,233471,595481
2016.10.31,3781.114,3781.699,3735.459,3765.31,163104,397214
2016.11.01,3760.042,3841.986,3753.019,3824.427,213366,529987
2016.11.03,3827.353,3834.377,3801.014,3820.915,206325,521150
2016.11.04,3836.718,3850.18,3795.161,3815.062,224629,548741
2016.11.07,3779.358,3792.235,3759.457,3773.505,133624,333650
2016.11.08,3776.431,3789.308,3726.68,3733.118,182659,474853
2016.11.09,3819.744,3825.597,3765.31,3786.967,258692,673088
2016.11.10,3781.114,3997.679,3778.187,3993.582,394705,987884
2016.11.11,3998.85,4131.13,3968.999,3992.997,409061,707763
2016.11.14,4049.772,4087.817,4026.945,4040.407,294277,506202
2016.11.16,3997.679,4051.528,3992.997,4024.018,227132,459637
2016.11.17,4001.776,4032.798,3981.876,4023.433,239962,578177
2016.11.18,4041.577,4044.504,3961.975,3975.437,222704,556334
2016.11.21,3969.584,3973.096,3923.93,3937.392,175439,402901
2016.11.22,3921.003,3949.098,3907.541,3940.318,189983,454281
2016.11.23,3944.416,4011.141,3932.709,3974.267,223663,536155
2016.11.24,3974.267,4000.02,3966.658,3982.461,113657,273484
2016.11.25,4015.238,4066.746,3990.655,3997.679,204890,476642
2016.11.28,3976.022,4000.606,3962.56,3968.413,173501,416187
2016.11.29,3971.925,3997.679,3959.048,3981.876,160139,372492
2016.11.30,3985.939,3992.324,3955.755,3961.56,189807,462469
2016.12.01,3973.169,4073.586,3961.56,4060.817,248779,613745
2016.12.02,4060.817,4089.259,4034.116,4071.265,222395,509892
2016.12.05,4068.943,4074.167,3998.709,4003.352,156693,360656
2016.12.06,4037.018,4056.173,3973.749,3988.261,211001,518100
2016.12.07,3962.721,3998.128,3949.37,3955.755,191944,450537
2016.12.08,3947.049,3992.904,3938.342,3939.503,184909,446016
2016.12.09,3955.175,3983.036,3913.383,3947.629,174810,416005
2016.12.12,3964.462,3978.393,3893.067,3893.067,175683,404884
2016.12.13,3910.48,3927.313,3871.01,3890.745,162544,376003
2016.12.14,3898.291,3933.698,3851.855,3932.537,186634,461021
2016.12.15,3954.595,3973.749,3920.929,3933.698,226895,546327
2016.12.16,3929.055,3976.652,3897.13,3954.014,176175,409411
2016.12.19,3951.692,3964.462,3915.704,3916.285,159260,375038
2016.12.20,3925.572,3931.957,3887.263,3904.096,153353,363724
2016.12.21,3901.774,3904.096,3866.947,3875.073,125897,302785
2016.12.22,3883.199,3895.389,3820.511,3822.833,155474,408029
2016.12.23,3821.091,3829.218,3789.747,3805.419,101405,265034
2016.12.26,3801.356,3820.511,3793.81,3812.385,32268,98797
2016.12.27,3817.028,3822.833,3799.034,3799.615,93089,238534
2016.12.28,3803.098,3828.057,3793.23,3814.126,93743,247302
2016.12.29,3832.12,3832.12,3796.713,3809.482,71277,182332
2017.01.02,3814.126,3850.114,3810.063,3848.372,62895,162313
2017.01.03,3845.47,3852.436,3801.937,3819.35,121320,310109
2017.01.04,3808.902,3810.063,3755.501,3761.305,121339,296335
2017.01.05,3768.271,3776.397,3734.605,3739.248,176046,456178
2017.01.06,3752.599,3770.592,3724.737,3770.592,157059,411430
2017.01.09,3772.334,3778.719,3728.8,3736.346,118352,295638
2017.01.10,3736.346,3739.829,3716.03,3732.283,113499,282532
2017.01.11,3732.863,3771.753,3713.128,3733.444,212949,567387
2017.01.12,3703.841,3724.737,3678.882,3721.835,182548,483927
2017.01.13,3718.352,3761.305,3710.226,3757.242,176361,467539
2017.01.16,3766.529,3787.425,3752.599,3782.782,87628,230290
2017.01.17,3741.57,3755.501,3727.639,3744.472,144441,377372
2017.01.18,3754.92,3765.949,3745.633,3765.368,123229,321808
2017.01.19,3760.725,3765.368,3720.093,3721.835,176394,464105
2017.01.20,3728.22,3731.702,3688.749,3692.812,148027,379938
2017.01.23,3677.14,3705.002,3670.755,3681.203,139537,361582
2017.01.24,3685.267,3693.393,3674.818,3689.33,112679,296728
2017.01.26,3675.399,3713.128,3674.238,3696.295,157523,409657
2017.01.27,3693.973,3698.617,3645.796,3649.859,148330,394109
2017.01.30,3647.537,3661.468,3614.452,3630.704,142915,378129
2017.01.31,3634.163,3665.293,3603.033,3654.917,194721,518933
2017.02.01,3652.034,3671.058,3627.822,3633.587,170494,470044
2017.02.02,3614.563,3631.857,3606.492,3626.092,160422,440488
2017.02.03,3630.704,3641.081,3601.88,3625.516,158953,456948
2017.02.06,3616.869,3626.092,3603.033,3611.104,124152,339349
2017.02.07,3627.245,3635.893,3613.41,3619.175,126819,361183
2017.02.08,3615.716,3626.092,3606.492,3613.41,120686,346476
2017.02.09,3615.716,3628.975,3605.915,3623.787,122547,358346
2017.02.10,3619.175,3620.904,3596.115,3601.304,131249,387797
2017.02.13,3600.727,3614.563,3596.115,3601.304,102062,289380
2017.02.14,3607.645,3618.022,3564.409,3570.173,189086,609961
2017.02.15,3570.75,3578.244,3529.243,3529.243,180116,541519
2017.02.16,3530.396,3570.75,3513.101,3568.444,180175,524086
2017.02.17,3577.668,3589.774,3556.914,3588.044,159765,474320
2017.02.20,3580.55,3587.468,3560.373,3565.562,76079,234630
2017.02.21,3575.362,3587.468,3563.256,3569.597,153845,462072
2017.02.22,3573.056,3573.056,3528.09,3537.314,142849,440936
2017.02.23,3538.467,3551.726,3521.172,3536.737,154962,481542
2017.02.24,3547.028,3596.197,3541.311,3592.195,185230,455445
2017.03.01,3597.341,3600.771,3561.322,3564.18,72748,216172
2017.03.02,3572.756,3640.221,3569.898,3638.506,177258,580615
2017.03.03,3635.647,3643.651,3585.335,3593.911,208267,582964
2017.03.06,3597.341,3617.923,3571.613,3614.493,147210,419466
2017.03.07,3603.63,3606.489,3583.619,3592.767,138639,398193
2017.03.08,3604.202,3661.947,3597.913,3639.649,200166,595320
2017.03.09,3653.371,3681.386,3636.79,3675.668,207195,626897
2017.03.10,3661.947,3665.949,3608.776,3609.919,215333,640696
2017.03.13,3603.058,3633.932,3599.628,3625.356,143388,455995
2017.03.14,3635.075,3657.945,3629.93,3640.793,165260,497168
2017.03.15,3637.362,3651.084,3559.607,3565.896,227619,691279
2017.03.16,3583.048,3586.478,3551.602,3583.619,190082,532500
2017.03.17,3568.183,3589.908,3543.598,3550.459,158122,438043
2017.03.20,3554.461,3575.615,3520.157,3525.303,164148,464936
2017.03.21,3523.587,3549.887,3511.009,3543.026,207900,620341
2017.03.22,3558.463,3565.896,3534.45,3540.739,191653,596979
2017.03.23,3549.887,3605.345,3545.885,3599.628,203093,603009
2017.03.24,3595.054,3609.919,3556.748,3562.465,193011,597182
2017.03.27,3569.326,3595.626,3564.18,3579.617,179504,556051
2017.03.28,3584.763,3600.2,3574.472,3595.626,164838,501138
2017.03.29,3587.05,3591.052,3561.893,3571.613,149177,439512
2017.03.30,3571.613,3607.632,3568.183,3603.058,171638,555032
2017.03.31,3606.469,3635.462,3570.655,3570.655,206108,590628
2017.04.03,3583.73,3585.435,3557.579,3562.696,133687,381032
2017.04.04,3584.298,3587.141,3535.977,3537.682,168053,469816
2017.04.05,3529.155,3571.792,3522.333,3565.538,198295,594312
2017.04.06,3566.675,3600.784,3551.895,3591.12,204590,585472
2017.04.07,3590.552,3608.743,3562.696,3594.531,200921,581150
2017.04.10,3596.236,3597.373,3574.065,3575.771,137220,409286
2017.04.11,3576.339,3601.353,3567.244,3581.456,206569,590013
2017.04.12,3591.689,3603.627,3560.99,3568.949,193735,589199
2017.04.13,3577.476,3592.257,3554.737,3586.572,167755,482716
2017.04.17,3542.799,3550.758,3527.45,3533.135,142696,395081
2017.04.18,3544.504,3559.853,3519.491,3542.23,186779,535510
2017.04.19,3549.052,3594.531,3543.367,3589.983,185020,568380
2017.04.20,3577.476,3611.017,3568.949,3586.004,185362,573555
2017.04.24,3555.874,3569.518,3550.758,3562.127,130359,376658
2017.04.25,3574.634,3607.038,3572.929,3582.024,180399,575748
2017.04.26,3597.942,3649.106,3593.394,3608.175,233422,705220
2017.04.27,3593.962,3626.935,3589.415,3620.681,161825,488617
2017.04.28,3621.809,3653.95,3603.765,3610.531,190437,546686
2017.05.02,3600.945,3630.831,3575.571,3581.21,179409,550297
2017.05.03,3591.359,3598.126,3567.676,3594.743,202564,594605
2017.05.04,3604.329,3628.012,3599.818,3621.245,204724,587029
2017.05.05,3619.553,3628.012,3596.998,3605.456,185757,542145
2017.05.08,3617.862,3637.598,3611.659,3628.576,129769,365563
2017.05.09,3626.32,3629.703,3606.02,3619.553,145641,428090
2017.05.10,3601.509,3601.509,3574.443,3591.359,151392,468827
2017.05.11,3583.465,3591.359,3557.527,3558.654,167220,507804
2017.05.12,3568.804,3569.368,3531.024,3537.227,161300,502457
2017.05.15,3519.183,3524.821,3506.213,3523.13,150304,464024
2017.05.16,3510.724,3517.491,3496.064,3505.649,160496,501699
2017.05.17,3510.161,3554.143,3503.958,3550.196,210906,693259
2017.05.18,3748.118,3854.128,3748.118,3827.626,183496,442900
2017.05.19,3731.766,3783.643,3668.047,3681.017,299165,734323
2017.05.22,3703.572,3753.757,3686.655,3694.55,234502,624998
2017.05.23,3701.88,3715.977,3681.017,3698.497,186318,550429
2017.05.24,3699.061,3714.849,3670.867,3701.88,265661,731915
2017.05.25,3704.7,3723.872,3684.4,3696.805,191405,512348
2017.05.26,3692.294,3697.933,3671.431,3678.761,194387,520993
2017.05.29,3681.58,3697.933,3674.814,3674.814,69909,203434
2017.05.30,3689.475,3691.73,3672.558,3675.942,167348,471240
2017.05.31,3700.752,3701.88,3662.408,3664.664,195678,559970
2017.06.01,3669.739,3695.677,3651.131,3692.294,205129,617030
2017.06.02,3688.347,3699.061,3656.206,3684.4,197903,580734
2017.06.05,3691.166,3743.043,3686.091,3742.48,194575,576979
2017.06.06,3744.171,3745.863,3712.594,3718.797,185612,560949
2017.06.07,3722.18,3726.691,3702.444,3707.519,177898,509295
2017.06.08,3713.722,3728.383,3695.677,3696.805,163023,462118
2017.06.09,3699.061,3737.969,3690.039,3734.585,190376,531937
2017.06.12,3724.999,3768.982,3712.03,3757.704,191406,551242
2017.06.13,3749.81,3775.185,3737.405,3753.757,233922,675282
2017.06.14,3746.427,3751.502,3695.677,3706.955,267018,753615
2017.06.16,3721.616,3731.202,3711.466,3727.255,166814,475181
2017.06.19,3725.563,3749.81,3712.594,3713.722,183101,523357
2017.06.20,3727.255,3780.26,3726.127,3761.652,270763,722646
2017.06.21,3755.449,3772.365,3746.991,3770.11,223188,595584
2017.06.22,3758.832,3784.771,3754.321,3777.44,210052,634267
2017.06.23,3775.749,3778.004,3757.704,3777.44,177758,496630
2017.06.26,3766.726,3766.726,3721.052,3723.308,177790,522957
2017.06.27,3734.021,3764.471,3723.308,3740.788,273294,803553
2017.06.28,3739.66,3740.788,3700.189,3702.444,240689,710606
2017.06.29,3693.986,3740.224,3690.603,3727.819,253617,782911
2017.06.30,3721.094,3740.148,3705.963,3729.5,209975,609129
2017.07.03,3740.148,3746.312,3712.688,3722.215,157187,510274
2017.07.04,3723.335,3732.302,3718.852,3731.181,91865,293184
2017.07.05,3735.664,3753.597,3706.523,3707.084,245925,764100
2017.07.06,3718.852,3742.389,3714.369,3716.05,239243,733050
2017.07.07,3707.084,3725.017,3684.107,3696.996,246528,740511
2017.07.10,3694.755,3694.755,3664.493,3666.174,146272,440643
2017.07.11,3674.58,3680.745,3654.966,3663.932,192616,598866
2017.07.12,3647.12,3647.681,3606.211,3609.013,256723,818219
2017.07.13,3613.496,3624.144,3601.727,3612.375,168216,524313
2017.07.14,3604.529,3610.694,3574.268,3574.828,181342,589258
2017.07.17,3578.19,3582.113,3570.345,3576.509,137728,425262
2017.07.18,3566.982,3569.224,3544.006,3546.247,184911,585137
2017.07.19,3550.17,3554.093,3532.237,3537.281,172393,561281
2017.07.20,3540.083,3544.566,3502.536,3504.777,198973,649487
2017.07.21,3501.415,3531.677,3493.569,3527.754,191169,632556
2017.07.24,3527.193,3537.841,3517.667,3531.677,161296,519376
2017.07.25,3526.633,3559.137,3521.029,3559.137,238052,805019
2017.07.26,3549.049,3563.059,3515.985,3519.348,219680,740535
2017.07.27,3524.391,3542.885,3523.271,3535.6,217052,725335
2017.07.28,3541.764,3542.885,3508.14,3511.502,163865,575618
2017.07.31,3521.533,3525.992,3493.669,3507.044,198591,673154
2017.08.01,3503.143,3510.388,3484.752,3504.815,197401,657504
2017.08.02,3510.945,3517.632,3489.768,3489.768,207214,707792
2017.08.03,3494.226,3504.815,3486.424,3488.653,174096,602603
2017.08.04,3484.752,3510.945,3483.08,3508.716,213549,728880
2017.08.07,3507.044,3510.388,3494.783,3502.028,138256,473518
2017.08.08,3498.127,3512.617,3493.669,3499.242,172126,582219
2017.08.09,3513.731,3535.466,3509.273,3532.122,204557,709507
2017.08.10,3537.695,3557.757,3522.648,3554.414,231972,771998
2017.08.11,3549.955,3619.06,3531.007,3577.263,256406,872771
2017.08.14,3554.414,3587.294,3548.841,3567.789,233780,793281
2017.08.15,3572.804,3586.179,3539.924,3544.94,200891,694915
2017.08.16,3541.039,3553.299,3516.518,3525.434,178074,682250
2017.08.17,3531.565,3557.2,3528.778,3549.398,181565,684052
2017.08.18,3543.268,3548.283,3512.059,3517.075,181760,695069
2017.08.21,3517.632,3544.382,3504.257,3534.351,175980,677594
2017.08.22,3525.434,3563.888,3513.731,3530.45,189048,744280
2017.08.23,3535.466,3539.924,3498.684,3507.044,165788,606902
2017.08.24,3507.044,3515.403,3496.455,3514.289,166045,628713
2017.08.25,3504.257,3528.778,3499.242,3526.549,191374,744125
2017.08.28,3519.304,3533.794,3512.617,3533.237,133954,474252
2017.08.29,3525.992,3542.153,3522.648,3529.335,164546,620934
2017.08.30,3532.122,3539.367,3518.747,3523.763,160915,599606
2017.08.31,3528.755,3532.639,3495.47,3507.12,171917,734492
2017.09.01,3500.463,3504.901,3477.718,3498.244,173445,675283
2017.09.04,3500.463,3502.127,3488.259,3497.689,72121,260842
2017.09.05,3471.616,3481.602,3464.404,3469.952,168665,682652
2017.09.06,3464.404,3471.061,3447.762,3448.872,151318,614217
2017.09.08,3435.003,3448.317,3428.901,3435.003,126739,508300
2017.09.11,3438.886,3456.638,3424.463,3451.645,154248,560346
2017.09.12,3453.864,3487.704,3451.645,3474.39,207764,761545
2017.09.13,3475.499,3493.806,3471.061,3485.485,172543,642621
2017.09.14,3491.587,3501.573,3460.521,3468.288,208299,779887
2017.09.15,3478.828,3482.156,3458.302,3458.857,163847,591335
2017.09.18,3458.857,3489.368,3456.638,3486.594,150796,536989
2017.09.19,3480.492,3489.923,3473.835,3483.821,145593,505875
2017.09.20,3475.499,3488.813,3460.521,3480.492,208646,833953
2017.09.21,3489.368,3496.025,3472.726,3484.93,157545,620867
2017.09.22,3481.602,3484.375,3466.069,3470.507,116035,456432
2017.09.25,3478.828,3510.449,3471.061,3507.675,168628,698266
2017.09.26,3512.113,3524.317,3499.354,3514.887,192180,765761
2017.09.27,3535.967,3549.281,3529.31,3543.179,206929,858606
2017.09.28,3538.741,3551.5,3525.982,3532.639,165149,689357
2017.09.29,3529.876,3539.821,3502.251,3509.434,169869,678385
2017.10.02,3517.721,3527.114,3496.727,3500.041,142369,562433
2017.10.03,3502.804,3512.196,3485.124,3486.782,132814,534266
2017.10.04,3476.837,3482.362,3463.577,3477.942,147572,588788
2017.10.05,3474.627,3498.936,3465.787,3496.727,175172,722210
2017.10.06,3497.279,3523.246,3491.202,3497.832,204802,825096
2017.10.09,3500.594,3535.953,3499.489,3535.401,134905,534305
2017.10.10,3518.274,3530.981,3504.461,3523.799,153326,622601
2017.10.11,3513.854,3521.036,3502.251,3513.301,153292,615027
2017.10.13,3513.854,3522.694,3482.362,3484.019,164052,671149
2017.10.16,3495.622,3514.959,3492.307,3512.196,143133,569432
2017.10.17,3511.644,3525.456,3497.279,3497.832,154247,599571
2017.10.18,3503.909,3522.141,3493.412,3511.091,165237,635521
2017.10.19,3501.699,3518.826,3499.489,3505.566,134417,546645
2017.10.20,3520.484,3538.716,3509.434,3533.191,172483,743358
2017.10.23,3534.296,3584.573,3529.324,3582.363,181137,752193
2017.10.24,3577.943,3613.855,3566.893,3587.335,255646,1024759
2017.10.25,3582.915,3605.015,3570.208,3575.18,253678,1015073
2017.10.26,3570.761,3647.005,3570.208,3638.165,270756,1070921
2017.10.27,3635.402,3650.872,3574.628,3577.39,308825,1253297
2017.10.30,3580.705,3635.402,3575.18,3634.85,204116,737257
2017.10.31,3632.648,3648.608,3607.334,3614.488,240465,847910
2017.11.01,3615.038,3637.601,3597.978,3610.085,241738,886364
2017.11.03,3608.985,3683.278,3590.824,3661.815,335879,1198433
2017.11.06,3648.057,3649.158,3585.871,3586.972,230379,787499
2017.11.07,3606.783,3629.897,3592.475,3611.186,274923,963053
2017.11.08,3605.133,3606.783,3576.516,3592.475,214193,779794
2017.11.09,3585.321,3604.032,3570.462,3588.623,243255,824024
2017.11.10,3590.274,3623.843,3586.422,3616.139,185528,686790
2017.11.13,3624.944,3640.353,3613.387,3616.689,192774,673474
2017.11.14,3612.287,3656.862,3602.381,3653.01,240767,842314
2017.11.16,3644.205,3649.708,3603.482,3610.085,238915,873154
2017.11.17,3610.085,3624.394,3588.623,3590.274,211925,728722
2017.11.21,3585.321,3597.978,3569.912,3590.274,226501,761772
2017.11.22,3581.469,3596.327,3548.45,3550.651,225104,782949
2017.11.23,3555.054,3572.113,3546.249,3549.0,128589,425535
2017.11.24,3557.805,3563.859,3547.899,3560.557,127025,452730
2017.11.27,3547.899,3559.456,3539.094,3553.953,177953,578336
2017.11.28,3559.456,3560.006,3524.786,3537.443,211902,768194
2017.11.29,3538.544,3574.315,3524.236,3573.764,242690,851853
2017.11.30,3574.314,3625.988,3569.367,3608.397,264795,906377
2017.12.01,3614.444,3622.69,3582.01,3591.905,242126,849198
2017.12.04,3590.806,3596.303,3573.764,3575.414,158138,538295
2017.12.05,3577.612,3578.712,3549.576,3572.665,202297,734925
2017.12.06,3577.063,3580.911,3554.524,3566.068,191337,695345
2017.12.07,3578.712,3657.323,3578.712,3627.637,279279,1053096
2017.12.08,3611.695,3647.977,3598.502,3627.088,238526,779276
2017.12.11,3622.14,3643.03,3605.648,3640.831,179736,586441
2017.12.12,3633.684,3672.715,3632.585,3641.381,231738,805577
2017.12.13,3627.637,3668.867,3620.491,3645.778,289208,921617
2017.12.14,3657.323,3684.809,3644.679,3679.312,252350,870611
2017.12.15,3672.165,3674.364,3625.988,3625.988,211762,729166
2017.12.18,3629.836,3633.135,3608.397,3622.69,193957,626957
2017.12.19,3628.737,3640.281,3612.245,3619.941,185963,655261
2017.12.20,3618.292,3630.386,3610.596,3628.187,165566,553768
2017.12.21,3624.889,3649.077,3621.041,3639.731,193453,687578
2017.12.22,3635.334,3672.715,3633.135,3669.417,164505,559017
2017.12.26,3661.171,3664.469,3634.784,3639.182,113419,374522
2017.12.27,3631.486,3652.375,3621.591,3645.229,151772,503934
2017.12.28,3633.193,3650.7,3619.516,3642.493,110568,337621
2018.01.02,3617.327,3617.327,3576.296,3578.484,160351,571300
2018.01.03,3570.278,3586.143,3549.489,3553.318,215426,726808
2018.01.04,3550.036,3560.43,3536.906,3551.677,189632,656971
2018.01.05,3550.583,3566.448,3541.282,3544.565,185811,643249
2018.01.08,3547.3,3561.525,3539.641,3557.148,175565,598470
2018.01.09,3561.525,3573.013,3544.565,3566.448,223033,761238
2018.01.10,3570.825,3573.013,3540.735,3542.924,239035,822685
2018.01.11,3546.753,3551.13,3523.229,3526.511,201471,702800
2018.01.12,3532.529,3541.282,3508.457,3516.117,246590,839971
2018.01.15,3506.816,3530.341,3500.251,3527.058,153984,543552
2018.01.16,3525.417,3549.489,3522.135,3534.717,238655,846385
2018.01.17,3541.282,3550.583,3521.587,3534.717,206612,725424
2018.01.18,3530.888,3535.265,3510.099,3515.022,224978,798273
2018.01.19,3515.569,3522.682,3500.798,3502.439,169755,627052
2018.01.22,3499.157,3518.852,3488.762,3509.004,193402,700526
2018.01.23,3517.211,3554.413,3515.022,3546.753,246735,886656
2018.01.24,3534.717,3539.641,3434.054,3446.637,292961,1125402
2018.01.26,3430.224,3455.937,3417.094,3452.108,285034,1106164
2018.01.29,3459.767,3472.35,3452.655,3454.843,225141,793991
2018.01.30,3454.843,3497.516,3446.09,3481.65,257002,961415
2018.01.31,3465.292,3495.282,3441.299,3485.467,275807,1024345
2018.02.01,3493.101,3496.918,3458.748,3465.292,269031,978711
2018.02.02,3488.194,3525.818,3482.196,3523.092,279038,982405
2018.02.05,3516.549,3580.347,3514.913,3568.351,275761,965585
2018.02.06,3562.898,3584.709,3535.088,3536.724,390639,1362386
2018.02.07,3554.173,3590.162,3539.996,3577.075,313154,970110
2018.02.08,3581.983,3610.338,3559.626,3591.798,374477,1311694
2018.02.09,3582.528,3627.242,3571.622,3599.432,364604,1177135
2018.02.14,3594.524,3602.704,3514.367,3516.549,177553,663689
2018.02.15,3502.916,3539.996,3494.737,3531.271,258708,886196
2018.02.16,3538.36,3547.085,3497.464,3528.0,281422,1000756
2018.02.19,3523.637,3536.179,3518.73,3535.634,136905,432841
2018.02.20,3545.449,3560.717,3536.724,3555.264,240413,839325
2018.02.21,3555.264,3572.168,3539.451,3572.168,232958,804076
2018.02.22,3563.443,3572.713,3538.36,3545.449,233925,846041
2018.02.23,3541.086,3547.085,3526.909,3535.088,172760,608272
2018.02.26,3530.726,3536.724,3514.913,3516.003,155423,549970
2018.02.27,3519.82,3551.447,3514.913,3547.63,203285,740307
2018.02.28,3542.192,3548.717,3530.773,3542.736,166721,583980
2018.03.01,3550.892,3569.925,3534.035,3548.174,289719,1051723
2018.03.02,3556.874,3563.943,3543.823,3548.174,204568,699242
2018.03.05,3554.155,3558.505,3534.035,3535.667,143326,487523
2018.03.06,3522.072,3523.16,3495.427,3499.233,208874,729111
2018.03.07,3517.178,3540.561,3510.653,3536.754,206563,738293
2018.03.08,3541.648,3563.943,3531.316,3560.681,216456,813081
2018.03.09,3554.699,3565.575,3529.685,3549.261,200096,707699
2018.03.12,3544.911,3558.505,3541.648,3553.611,136700,468086
2018.03.13,3555.787,3556.33,3525.879,3550.892,224337,857258
2018.03.14,3538.386,3556.874,3534.579,3549.805,171857,677491
2018.03.15,3559.593,3590.045,3559.049,3576.994,202991,816419
2018.03.16,3585.694,3592.22,3562.312,3571.012,194879,697971
2018.03.19,3587.87,3588.413,3573.188,3577.538,177724,647890
2018.03.20,3572.1,3605.271,3569.381,3604.183,206423,765270
2018.03.21,3592.22,3599.289,3551.98,3561.768,240219,931864
2018.03.22,3573.188,3610.165,3567.75,3607.99,234054,839878
2018.03.23,3607.446,3611.252,3583.519,3603.095,216707,782103
2018.03.26,3586.782,3604.727,3581.888,3602.008,174406,599526
2018.03.27,3598.201,3626.478,3598.201,3616.146,220443,785409
2018.03.28,3615.059,3637.354,3610.165,3611.796,260153,1009933
2018.03.29,3610.711,3619.932,3580.337,3592.812,191911,725935
2018.04.02,3597.151,3613.966,3585.219,3599.863,185544,693254
2018.04.03,3598.779,3635.661,3591.727,3631.865,220082,860950
2018.04.04,3649.221,3660.069,3615.593,3619.39,249370,933076
2018.04.05,3584.676,3640.543,3581.964,3635.119,231723,895768
2018.04.06,3644.882,3673.086,3635.661,3661.696,270060,1055589
2018.04.09,3655.73,3721.359,3654.103,3719.732,252191,989640
2018.04.10,3704.545,3733.834,3696.409,3705.088,272001,1013643
2018.04.11,3709.969,3720.275,3664.951,3667.12,235338,883800
2018.04.12,3661.154,3715.393,3656.272,3707.8,218824,828516
2018.04.13,3695.867,3727.326,3690.985,3718.647,207721,737896
2018.04.16,3713.766,3732.207,3700.206,3713.224,191683,664717
2018.04.17,3710.512,3715.393,3681.765,3700.748,192595,663733
2018.04.18,3689.358,3694.782,3662.781,3670.917,179591,648704
2018.04.19,3673.629,3702.918,3670.917,3676.883,200036,724619
2018.04.20,3685.019,3709.969,3684.477,3705.63,175076,653707
2018.04.23,3722.444,3749.564,3717.02,3747.937,195845,706961
2018.04.24,3732.75,3777.768,3729.495,3770.175,270092,1059782
2018.04.25,3797.294,3815.193,3778.853,3782.107,296614,1065619
2018.04.26,3780.48,3806.515,3770.175,3771.802,275076,1078872
2018.04.27,3766.378,3777.226,3749.564,3750.106,198317,726117
2018.04.30,3765.786,3806.877,3757.676,3804.174,171131,642682
2018.05.02,3823.097,3854.997,3814.987,3853.375,272050,1051703
2018.05.03,3819.853,3867.973,3817.15,3825.8,294193,1039784
2018.05.04,3835.533,3847.427,3810.121,3826.882,269339,899439
2018.05.07,3840.939,3857.159,3833.911,3849.59,192571,639645
2018.05.08,3858.781,3895.007,3853.915,3861.485,289876,1042454
2018.05.09,3862.026,3911.767,3857.159,3891.763,284949,1029390
2018.05.10,3880.949,3883.652,3838.777,3846.346,256177,894294
2018.05.11,3846.346,3912.308,3839.858,3900.413,299434,1122916
2018.05.14,3878.246,3943.126,3869.595,3924.203,286779,1020930
2018.05.15,3953.399,3998.816,3944.208,3956.643,371735,1311610
2018.05.16,3967.457,4000.438,3964.753,3979.892,310374,1074713
2018.05.17,3955.021,4019.361,3952.318,4002.06,341657,1187844
2018.05.18,4018.821,4088.027,4015.036,4045.854,365735,1288193
2018.05.21,4005.304,4033.959,3975.026,3979.892,315212,1018557
2018.05.22,3964.213,3969.079,3927.447,3946.911,267039,917958
2018.05.23,3977.729,3980.433,3913.93,3925.284,341024,1182660
2018.05.24,3952.859,3954.481,3926.906,3944.208,259517,881768
2018.05.25,3953.94,3978.27,3938.801,3949.074,267249,959399
2018.05.28,3960.969,4051.802,3959.347,4039.366,268515,792735
2018.05.29,4073.969,4078.295,4015.577,4029.634,377836,1242664
2018.05.30,3988.746,4066.756,3983.904,4019.412,321149,1007839
2018.06.01,4043.622,4068.908,4016.184,4061.914,326318,952012
2018.06.04,4045.774,4051.154,4021.026,4042.008,247614,766962
2018.06.05,4061.914,4118.942,4054.382,4108.72,394622,1284630
2018.06.06,4107.644,4158.755,4103.878,4152.299,418900,1147311
2018.06.07,4161.983,4279.805,4153.913,4210.403,610673,1673952
2018.06.08,4151.761,4160.907,3984.98,4001.12,624778,1513580
2018.06.11,4009.728,4023.178,3961.308,4000.582,416569,1072724
2018.06.12,4007.038,4020.488,3957.542,4007.576,405971,1033956
2018.06.13,3995.74,4028.02,3971.53,4009.728,368541,1066000
2018.06.14,3990.36,4112.486,3972.606,4101.188,463480,1346109
2018.06.15,4056.534,4099.036,4003.81,4018.874,388503,1095140
2018.06.18,4036.09,4056.534,4018.874,4036.628,287778,753431
2018.06.19,4074.288,4075.364,4004.348,4036.09,325396,887676
2018.06.20,4038.242,4078.054,3991.436,4061.914,361704,1002814
2018.06.21,4081.282,4095.27,4040.394,4058.686,380257,999063
2018.06.22,4043.622,4079.668,4022.64,4074.826,269863,785602
2018.06.25,4065.68,4076.44,4049.002,4064.604,269967,744989
2018.06.26,4073.212,4095.27,4049.002,4088.276,277300,790262
2018.06.27,4081.82,4173.819,4079.13,4154.989,335647,1037091
2018.06.28,4146.38,4173.281,4127.012,4156.603,330856,944537
2018.06.29,4141.041,4176.994,4122.259,4173.774,291991,802729
2018.07.02,4188.263,4218.85,4177.53,4211.874,264938,736629
2018.07.03,4180.75,4198.458,4167.871,4193.629,250472,695108
2018.07.04,4197.922,4217.24,4181.287,4211.337,182457,499541
2018.07.05,4190.946,4241.387,4181.823,4231.728,301047,893766
2018.07.06,4240.314,4253.193,4153.383,4157.139,317693,984478
2018.07.10,4178.067,4180.75,4080.94,4105.624,349491,1081186
2018.07.11,4131.382,4178.604,4101.868,4169.481,355835,1059203
2018.07.12,4149.627,4196.848,4126.016,4175.921,395717,1186167
2018.07.13,4182.36,4194.165,4134.601,4143.187,351949,1090841
2018.07.16,4133.528,4163.042,4123.333,4151.773,308236,891798
2018.07.17,4160.895,4170.554,4126.016,4126.552,324095,955820
2018.07.18,4141.041,4152.846,4105.088,4138.358,313399,962117
2018.07.19,4158.749,4183.433,4107.771,4116.357,372436,1157350
2018.07.20,4094.355,4096.502,4038.548,4047.67,328048,1022073
2018.07.23,4056.256,4085.77,4052.5,4063.769,252363,716071
2018.07.24,4052.5,4057.329,4008.497,4026.206,311035,948351
2018.07.25,3999.375,4005.278,3960.739,3960.739,306334,982688
2018.07.26,3980.057,4025.132,3972.008,4022.986,287351,909913
2018.07.27,4017.62,4018.156,3978.984,3982.74,258930,781025
2018.07.30,3965.568,4006.888,3965.568,4004.205,223222,656419
2018.07.31,3995.12,4036.802,3993.517,4028.252,266359,816032
2018.08.01,4024.511,4043.215,4000.998,4021.305,282267,885111
2018.08.02,4046.422,4054.972,4020.236,4022.908,263536,845036
2018.08.03,4015.427,4021.839,3967.331,3975.882,289406,959222
2018.08.06,3972.675,4006.342,3957.178,4006.342,217715,687216
2018.08.07,3984.966,4042.146,3968.935,4019.702,331421,1101663
2018.08.08,4027.718,4043.215,4002.601,4041.612,322963,1019315
2018.08.09,4060.316,4092.914,4046.956,4073.676,330568,1052711
2018.08.10,4103.602,4150.094,4097.189,4134.596,408736,1300368
2018.08.13,4178.951,4208.343,4154.369,4160.782,440805,1367333
2018.08.14,4135.131,4180.554,4132.993,4141.009,388396,1255130
2018.08.15,4176.813,4205.671,4153.3,4179.485,442003,1459371
2018.08.16,4161.85,4205.671,4141.009,4183.226,395202,1306766
2018.08.17,4202.999,4231.856,4184.829,4188.57,362801,1183811
2018.08.20,4193.38,4251.094,4190.708,4246.819,333981,1124089
2018.08.21,4233.459,4337.131,4232.925,4333.925,439335,1468490
2018.08.22,4320.565,4377.211,4313.083,4324.306,510569,1572011
2018.08.23,4348.888,4416.221,4322.703,4401.793,494865,1575780
2018.08.24,4379.883,4420.496,4356.904,4390.57,471842,1475994
2018.08.27,4392.708,4403.396,4330.718,4363.316,397901,1253699
2018.08.28,4352.629,4435.994,4346.216,4425.84,464764,1504264
2018.08.29,4448.819,4453.629,4388.433,4391.639,441838,1381386
2018.08.30,4410.877,4505.465,4403.93,4435.459,556905,1760163
2018.08.31,4450.386,4465.313,4330.97,4334.169,474111,1380776
2018.09.03,4374.685,4448.254,4365.622,4443.989,292709,770350
2018.09.04,4478.108,4482.373,4422.665,4447.188,494898,1452488
2018.09.05,4468.512,4474.376,4394.943,4430.128,504581,1462563
2018.09.06,4414.135,4450.386,4312.845,4338.967,498674,1418841
2018.09.10,4344.831,4408.804,4329.904,4366.155,465286,1317900
2018.09.11,4415.201,4463.181,4413.069,4435.459,471724,1306536
2018.09.12,4399.208,4450.386,4389.612,4443.456,458673,1344222
2018.09.13,4424.797,4495.701,4405.605,4491.969,487105,1456588
2018.09.14,4489.836,4495.701,4440.257,4456.784,443664,1256536
2018.09.17,4477.042,4487.171,4394.41,4413.069,455222,1321336
2018.09.18,4407.205,4445.055,4396.009,4442.923,416908,1196200
2018.09.19,4449.853,4456.784,4374.685,4404.006,412980,1215184
2018.09.20,4388.013,4398.675,4342.699,4349.096,429359,1234001
2018.09.21,4356.559,4369.354,4296.851,4323.507,457577,1383974
2018.09.24,4329.904,4369.354,4305.381,4362.424,430749,1229500
2018.09.25,4401.34,4417.334,4337.901,4346.963,481699,1397075
2018.09.26,4350.162,4365.089,4274.461,4301.649,532675,1526138
2018.09.27,4304.315,4323.507,4229.147,4278.726,506820,1560709
2018.09.28,4303.732,4326.61,4253.187,4319.161,473990,1371299
2018.10.01,4315.437,4331.93,4270.213,4285.642,495694,1410892
2018.10.02,4248.399,4262.764,4164.867,4203.175,548463,1728271
2018.10.03,4114.323,4181.361,4076.016,4160.611,625464,1898606
2018.10.04,4184.553,4195.726,4129.752,4130.284,603569,1776931
2018.10.05,4102.086,4153.162,4090.381,4090.381,479945,1402313
2018.10.08,3978.119,4032.388,3954.177,4023.875,537529,1496423
2018.10.09,4031.856,4040.9,3945.132,3960.029,574693,1680705
2018.10.10,3982.375,4016.958,3969.606,4003.657,529494,1485769
2018.10.11,3964.286,4035.048,3959.497,4032.388,573541,1551123
2018.10.15,4005.253,4012.17,3956.837,3979.715,435153,1241389
2018.10.16,3963.754,3974.394,3932.363,3969.074,487606,1392844
2018.10.17,3985.035,3990.356,3902.568,3927.042,546683,1592102
2018.10.18,3932.363,3975.459,3912.145,3963.754,522113,1545841
2018.10.19,3947.26,3968.542,3927.042,3956.305,472128,1390833
2018.10.22,3935.023,3961.093,3907.357,3925.978,399625,1110946
2018.10.23,3937.151,3963.221,3924.382,3931.831,507382,1418887
2018.10.24,3937.151,3987.696,3919.594,3973.862,521743,1552641
2018.10.25,3958.433,3973.862,3919.062,3945.132,490542,1470145
2018.10.26,3961.625,3970.67,3873.838,3878.626,558719,1764600
2018.10.29,3824.889,3961.625,3810.524,3959.497,712302,2225127
2018.10.30,3927.574,3975.991,3913.741,3937.151,593714,1779493
2018.10.31,3924.413,3985.45,3923.882,3961.566,531534,1610292
2018.11.01,3936.09,3950.42,3914.859,3933.436,463173,1400224
2018.11.05,3928.659,3973.773,3926.005,3961.035,421438,1205945
2018.11.06,3962.627,4009.334,3962.627,3999.25,469520,1448986
2018.11.07,3972.712,4027.38,3958.381,3968.466,538480,1726712
2018.11.08,3976.958,4000.311,3950.951,3996.065,478093,1434100
2018.11.09,4007.742,4013.58,3959.974,3968.997,448457,1274155
2018.11.12,3981.735,4006.68,3971.65,4000.842,342123,943935
2018.11.13,3992.881,4072.494,3990.227,4044.364,545816,1679031
2018.11.14,4035.341,4059.225,4002.965,4021.011,572477,1625154
2018.11.16,4010.396,4019.418,3963.689,3976.958,454533,1320081
2018.11.19,3979.612,4007.211,3974.835,3991.288,399518,1150188
2018.11.21,4004.026,4038.526,4000.842,4032.687,453677,1365764
2018.11.22,4024.726,4061.879,4024.195,4036.403,343676,1055702
2018.11.23,4049.672,4069.31,4029.503,4065.594,373530,1121136
2018.11.26,4054.979,4192.445,4052.856,4185.545,540255,1819398
2018.11.27,4158.477,4168.561,4100.624,4116.547,502067,1474816
2018.11.28,4120.793,4126.631,4067.187,4086.824,534588,1548092
2018.11.29,4079.394,4112.301,4068.248,4088.948,458592,1322246
2018.11.30,4092.125,4123.905,4070.939,4095.833,461754,1352314
2018.12.03,4053.461,4078.354,4046.045,4073.058,445074,1300802
2018.12.04,4059.287,4100.6,4047.634,4085.24,458716,1385404
2018.12.05,4078.354,4117.019,4065.643,4102.189,371071,1106881
2018.12.06,4126.023,4181.108,4106.426,4112.252,558163,1695257
2018.12.07,4113.312,4160.981,4090.007,4142.443,506409,1476987
2018.12.10,4139.795,4181.637,4124.964,4154.625,512371,1513891
2018.12.11,4138.735,4158.862,4122.316,4136.087,443595,1269373
2018.12.12,4126.023,4132.909,4066.702,4086.299,491125,1434379
2018.12.13,4088.418,4132.379,4082.592,4124.435,432381,1327769
2018.12.14,4145.621,4155.684,4121.786,4149.328,374792,1122533
2018.12.17,4142.443,4162.57,4110.134,4131.85,397105,1177824
2018.12.18,4129.201,4150.388,4115.43,4145.621,404753,1224580
2018.12.19,4133.439,4146.15,4093.714,4128.142,425041,1311890
2018.12.20,4099.541,4105.897,4060.876,4069.88,404727,1273466
2018.12.21,4084.71,4138.735,4072.528,4133.968,398718,1242554
2018.12.26,4130.261,4171.044,4122.846,4151.447,334259,1017206
2018.12.27,4156.214,4173.693,4098.481,4103.778,391740,1252128
2018.12.28,4105.365,4128.114,4058.809,4108.539,264027,780854
2019.01.02,4115.946,4130.759,3997.97,4010.667,390831,1267470
2019.01.03,4024.951,4037.119,3962.524,3982.098,426635,1255482
2019.01.04,3968.872,4011.725,3930.252,3937.659,445125,1331650
2019.01.07,3938.188,3960.937,3910.149,3958.82,400331,1265547
2019.01.08,3963.053,3965.169,3923.904,3933.955,401582,1231465
2019.01.09,3926.549,3931.839,3893.748,3904.858,388004,1188116
2019.01.10,3909.62,3947.182,3892.69,3931.839,411702,1326367
2019.01.11,3914.91,3950.356,3910.678,3931.31,366740,1163572
2019.01.14,3939.775,3955.117,3901.155,3918.084,388227,1283387
2019.01.15,3921.258,3951.943,3912.794,3935.543,428950,1398735
2019.01.16,3933.426,3957.233,3926.549,3955.117,391034,1284618
2019.01.17,3953.53,3995.853,3945.594,3968.343,472124,1686996
2019.01.18,3965.698,3994.266,3945.594,3973.105,416327,1429633
2019.01.21,3979.453,4001.673,3973.105,3974.692,217487,697709
2019.01.22,3986.86,4040.822,3965.169,4039.764,445888,1586847
2019.01.23,4022.305,4035.002,3975.75,3987.918,447346,1604892
2019.01.24,3992.15,4016.486,3956.175,3993.737,448832,1605941
2019.01.28,3999.557,4007.492,3969.401,3980.511,392932,1343132
2019.01.29,3984.743,3985.273,3931.31,3936.072,372279,1295532
2019.01.30,3931.31,3948.769,3886.342,3897.981,433570,1498989
2019.01.31,3899.039,3902.742,3855.128,3863.064,427491,1480044
2019.02.01,3872.058,3901.684,3855.128,3877.877,412290,1380827
2019.02.04,3885.284,3908.032,3878.406,3888.458,354033,1216742
2019.02.05,3884.226,3903.8,3878.935,3887.4,334706,1093060
2019.02.06,3899.568,3936.601,3899.568,3918.084,385154,1353989
2019.02.07,3926.549,3960.408,3920.729,3939.775,438241,1539750
2019.02.08,3939.246,3971.517,3923.904,3953.001,396075,1429394
2019.02.11,3954.588,3999.028,3949.827,3979.453,387784,1391126
2019.02.12,3967.814,3969.93,3922.317,3930.252,379656,1416935
2019.02.13,3935.014,3985.802,3932.897,3977.866,385278,1391702
2019.02.14,3973.634,4019.131,3934.485,3943.478,472141,1705710
2019.02.15,3935.543,3946.123,3916.497,3919.142,351410,1230062
2019.02.18,3935.543,3962.524,3929.723,3954.059,242621,774734
2019.02.19,3957.233,3964.64,3921.258,3941.362,365716,1225299
2019.02.20,3939.246,3956.175,3906.974,3944.536,417148,1517251
2019.02.21,3937.13,3992.679,3933.955,3991.092,400979,1510179
2019.02.22,3977.337,3985.802,3944.007,3967.285,325217,1210837
2019.02.25,3946.123,3969.93,3935.543,3969.93,307936,1133949
2019.02.26,3971.517,3985.802,3955.646,3961.466,417283,1565116
2019.02.27,3960.937,3964.64,3938.188,3944.536,367610,1424638
2019.02.28,3951.399,3975.155,3931.339,3968.292,414408,1643644
2019.03.01,3966.708,4014.22,3961.429,3992.048,379149,1592653
2019.03.06,4013.164,4065.955,3998.383,4061.204,218412,940629
2019.03.07,4059.62,4127.193,4035.865,4092.879,478846,2021936
2019.03.08,4089.183,4127.193,4070.707,4089.711,394722,1511740
2019.03.11,4075.458,4080.737,4053.286,4059.62,345448,1284577
2019.03.12,4062.26,4064.372,4019.499,4029.53,347636,1357203
2019.03.13,4021.083,4053.286,4017.388,4031.641,392768,1542153
2019.03.14,4039.56,4073.874,4034.281,4061.732,345337,1281890
2019.03.15,4055.397,4090.767,4023.195,4029.002,378617,1392966
2019.03.18,4022.667,4043.783,3997.855,4005.246,371809,1321425
2019.03.19,3999.967,4014.22,3977.267,4003.134,386940,1433808
2019.03.20,3998.911,4012.637,3948.76,3987.825,445983,1602756
2019.03.21,3997.855,4053.286,3975.155,4006.83,513510,1891740
2019.03.22,4080.737,4136.695,4070.179,4126.137,555158,1858062
2019.03.25,4152.532,4158.339,4059.62,4065.955,469379,1656465
2019.03.26,4066.483,4097.102,4048.534,4093.935,439837,1547718
2019.03.27,4139.863,4225.912,4122.97,4216.409,568899,2031850
2019.03.28,4214.298,4242.277,4116.107,4118.746,577264,1744328
2019.03.29,4095.56,4154.053,4084.494,4141.933,431888,1237117
2019.04.01,4110.315,4111.369,4064.469,4067.631,268297,903621
2019.04.02,4068.158,4096.087,4063.415,4068.685,389214,1221379
2019.04.03,4048.66,4098.722,4048.133,4085.548,352969,1108529
2019.04.04,4086.075,4105.045,4062.888,4068.685,373990,1180951
2019.04.05,4071.32,4093.452,4057.092,4088.182,327693,1025388
2019.04.08,4082.913,4092.925,4056.038,4063.415,306660,1004395
2019.04.09,4067.104,4078.697,4060.253,4063.942,300248,1000182
2019.04.10,4049.714,4060.78,4026.001,4037.594,313363,1031584
2019.04.11,4049.187,4076.589,4042.864,4071.32,297137,990902
2019.04.12,4093.452,4122.962,4071.847,4095.56,360440,1258681
2019.04.15,4093.452,4104.518,4071.32,4085.021,338183,1231402
2019.04.16,4089.236,4121.908,4087.655,4117.692,336190,1196663
2019.04.17,4101.883,4164.592,4099.249,4154.58,396551,1495528
2019.04.18,4137.717,4168.281,4117.692,4136.663,321733,1124266
2019.04.22,4139.825,4154.58,4127.178,4151.418,230096,796818
2019.04.23,4145.094,4179.874,4125.597,4134.555,357018,1292685
2019.04.24,4132.974,4212.019,4130.866,4209.384,414273,1563470
2019.04.25,4217.815,4224.139,4161.43,4165.646,367339,1295767
2019.04.26,4171.443,4190.94,4132.447,4141.406,315838,1103878
2019.04.29,4140.352,4159.322,4132.974,4159.322,264341,925527
2019.04.30,4144.595,4172.998,4126.713,4134.602,302328,1093982
2019.05.02,4148.277,4188.25,4140.914,4184.043,318825,1200623
2019.05.03,4177.731,4184.043,4145.647,4153.537,301989,1112732
2019.05.06,4178.783,4190.88,4162.478,4182.465,295324,1023903
2019.05.07,4179.835,4217.704,4178.783,4185.621,393093,1467443
2019.05.08,4194.036,4195.088,4138.284,4141.44,370922,1375476
2019.05.09,4156.167,4196.666,4144.595,4160.374,415826,1601863
2019.05.10,4158.797,4187.725,4144.595,4165.634,409981,1535145
2019.05.13,4190.354,4221.912,4186.673,4211.393,444489,1538053
2019.05.14,4202.452,4209.815,4179.309,4188.776,378072,1330367
2019.05.15,4214.549,4237.165,4187.199,4218.23,447532,1648431
2019.05.16,4217.179,4272.405,4208.237,4264.515,429401,1576902
2019.05.17,4272.405,4332.365,4263.989,4318.69,538826,2001966
2019.05.20,4304.489,4341.306,4295.021,4315.534,460112,1602392
2019.05.21,4309.748,4331.313,4247.158,4253.47,444473,1663533
2019.05.22,4256.1,4265.567,4218.756,4253.996,396442,1475798
2019.05.23,4272.405,4285.554,4237.165,4253.47,399424,1526637
2019.05.24,4251.892,4260.308,4219.282,4235.587,362785,1345176
2019.05.27,4225.594,4256.1,4214.549,4255.048,212814,748526
2019.05.28,4250.84,4265.567,4220.334,4233.483,373827,1445850
2019.05.29,4249.788,4251.892,4175.101,4181.413,366396,1485555
2019.05.30,4181.413,4201.4,4160.374,4189.828,356148,1282552
2019.05.31,4206.625,4207.675,4113.716,4130.514,419746,1599361
2019.06.03,4137.862,4140.487,4084.846,4088.521,343439,1378805
2019.06.04,4091.145,4091.145,4049.153,4054.927,378703,1416448
2019.06.05,4058.076,4104.793,4036.555,4082.747,447444,1732294
2019.06.06,4073.823,4088.521,4055.976,4080.647,391038,1361249
2019.06.07,4080.647,4085.896,4048.103,4078.548,324687,1149155
2019.06.10,4093.77,4099.544,4065.95,4088.521,301347,1037158
2019.06.11,4078.548,4083.797,4039.179,4054.927,297336,1103657
2019.06.12,4062.275,4069.624,4025.532,4063.85,367487,1440602
2019.06.13,4047.053,4061.75,4029.731,4044.953,319415,1228671
2019.06.14,4052.302,4112.142,4043.904,4093.245,419811,1681994
2019.06.17,4091.145,4123.165,4076.973,4085.371,353807,1380980
2019.06.18,4071.199,4074.348,4043.379,4055.452,307215,1155924
2019.06.19,4062.8,4080.122,4032.355,4032.88,339445,1419429
2019.06.21,4023.957,4039.704,4005.585,4013.984,299290,1065919
2019.06.24,4022.907,4030.256,3998.761,4016.608,306448,1166419
2019.06.25,4019.758,4050.202,4010.309,4038.654,368710,1434257
2019.06.26,4027.631,4048.628,4023.432,4034.98,325890,1233776
2019.06.27,4055.452,4065.425,4009.259,4010.309,325538,1276793
2019.06.28,4006.125,4039.601,4004.556,4039.601,250488,972947
2019.07.01,4022.34,4036.462,3996.187,4030.186,285949,1127247
2019.07.02,4028.616,4069.415,4004.033,4031.755,435035,1803472
2019.07.03,4054.246,4062.615,4001.417,4012.402,362620,1361886
2019.07.04,3986.772,3992.525,3967.418,3985.202,244638,890024
2019.07.05,3983.11,4022.863,3979.972,4006.125,297354,1202485
2019.07.08,4001.94,4002.463,3982.064,3985.725,218895,894731
2019.07.10,3970.557,3973.172,3929.758,3932.373,346006,1526720
2019.07.11,3916.681,3946.496,3913.02,3934.465,337048,1541848
2019.07.12,3938.65,3942.834,3907.789,3914.589,296745,1315474
2019.07.15,3909.882,3938.65,3905.697,3934.988,224285,965770
2019.07.16,3931.327,3950.157,3930.281,3947.542,264109,1124671
2019.07.17,3943.881,3945.45,3932.373,3941.788,201315,933326
2019.07.18,3937.604,3941.265,3892.621,3893.144,247949,1248086
2019.07.19,3908.312,3930.281,3906.743,3922.958,245683,1153299
2019.07.22,3919.82,3923.481,3904.651,3916.681,186287,760798
2019.07.23,3917.727,3956.434,3916.158,3950.157,270795,1270064
2019.07.24,3941.788,3954.342,3927.143,3948.588,220228,986379
2019.07.25,3939.696,3983.11,3930.281,3954.342,321832,1476919
2019.07.26,3952.25,3970.557,3934.465,3951.203,254629,1071034
2019.07.29,3960.095,3976.833,3951.726,3957.48,229842,947205
2019.07.30,3960.618,3974.218,3950.157,3966.372,250549,1093972
2019.07.31,3956.978,3999.773,3921.49,3990.379,453809,2018340
2019.08.01,4003.948,4038.915,3987.248,4018.561,411677,1557822
2019.08.02,4028.999,4072.316,4025.868,4065.01,377359,1551014
2019.08.05,4103.63,4162.603,4093.714,4157.906,395754,1581242
2019.08.06,4123.461,4168.866,4117.721,4142.771,389830,1559175
2019.08.07,4123.983,4175.129,4123.983,4150.078,415379,1700720
2019.08.08,4139.64,4149.034,4097.889,4099.976,371631,1494824
2019.08.09,4110.936,4130.246,4102.064,4121.896,353272,1392292
2019.08.12,4175.129,4196.004,4155.819,4166.778,368364,1487301
2019.08.13,4169.91,4194.96,4125.027,4143.293,476155,1984121
2019.08.14,4176.172,4237.756,4167.3,4235.146,455268,1928064
2019.08.15,4200.179,4227.318,4160.516,4172.519,505742,2119239
2019.08.16,4159.994,4188.698,4154.775,4186.61,338275,1361093
2019.08.19,4176.172,4259.153,4170.432,4257.587,458987,1889380
2019.08.20,4246.106,4257.065,4206.442,4235.146,445131,1706946
2019.08.21,4208.53,4218.967,4193.395,4205.398,394603,1585683
2019.08.22,4211.139,4262.806,4196.004,4250.803,430785,1719321
2019.08.23,4250.281,4313.952,4229.927,4302.992,585141,2336786
2019.08.26,4287.857,4352.05,4282.638,4338.48,461040,1820515
2019.08.27,4333.783,4378.144,4301.426,4310.82,565272,2027877
2019.08.28,4323.346,4352.05,4311.864,4351.528,403910,1461634
2019.08.29,4346.309,4360.4,4324.389,4353.615,414335,1479860
2019.08.30,4329.651,4346.322,4301.52,4321.316,375978,1358872
2019.09.02,4322.879,4373.412,4321.837,4369.244,234928,850091
2019.09.03,4360.388,4368.723,4332.256,4349.969,363236,1364260
2019.09.04,4317.669,4333.819,4267.137,4272.867,335709,1264216
2019.09.05,4263.49,4294.227,4246.82,4287.975,349576,1310659
2019.09.06,4271.825,4274.951,4230.67,4238.484,318663,1186051
2019.09.09,4223.377,4282.245,4222.856,4272.867,323577,1216069
2019.09.10,4270.263,4308.292,4255.155,4257.76,404346,1573572
2019.09.11,4269.742,4270.263,4226.502,4242.652,371041,1395449
2019.09.12,4219.73,4246.299,4200.455,4234.838,405097,1565173
2019.09.13,4220.772,4270.263,4215.562,4259.844,348823,1298554
2019.09.16,4268.179,4281.724,4249.424,4255.155,312171,1123336
2019.09.17,4265.053,4292.143,4245.778,4250.466,374297,1378586
2019.09.18,4252.029,4289.017,4245.778,4286.412,391130,1512267
2019.09.19,4307.25,4345.801,4300.478,4345.28,375572,1435316
2019.09.20,4341.633,4360.909,4321.837,4324.963,366572,1466634
2019.09.23,4321.316,4361.951,4319.232,4340.071,293695,1146944
2019.09.24,4328.089,4360.909,4327.047,4339.55,333987,1305831
2019.09.25,4361.43,4370.807,4319.232,4322.879,340896,1351387
2019.09.26,4322.879,4348.406,4295.268,4346.843,355244,1398457
2019.09.27,4339.55,4342.675,4319.232,4329.651,283138,1112868
2019.09.30,4328.612,4344.2,4313.544,4325.495,247896,975275
2019.10.01,4336.406,4357.709,4324.975,4328.612,327113,1318072
2019.10.02,4348.876,4349.915,4297.957,4298.477,360041,1429640
2019.10.03,4298.477,4300.555,4242.362,4252.754,358693,1461300
2019.10.04,4249.117,4255.352,4216.903,4224.177,299712,1118143
2019.10.07,4235.608,4278.213,4224.696,4276.135,314771,1270369
2019.10.08,4279.772,4280.811,4239.764,4262.626,343225,1300409
2019.10.09,4243.401,4278.213,4236.647,4276.654,297887,1121828
2019.10.10,4267.822,4305.231,4255.871,4276.654,405934,1624571
2019.10.11,4257.95,4293.8,4245.48,4271.459,372351,1367833
2019.10.14,4278.213,4305.231,4275.096,4293.281,258288,912424
2019.10.15,4289.644,4350.954,4288.605,4348.876,309441,1174295
2019.10.16,4342.641,4355.63,4314.584,4319.26,327432,1171763
2019.10.17,4311.466,4349.915,4293.8,4331.21,398412,1510251
2019.10.18,4324.975,4331.21,4276.135,4278.733,350018,1336590
2019.10.21,4284.448,4318.74,4282.37,4295.359,310254,1127232
2019.10.22,4292.242,4293.281,4224.177,4243.921,392950,1452826
2019.10.23,4246.519,4255.352,4189.365,4194.561,386565,1414235
2019.10.24,4189.885,4205.472,4157.151,4199.757,401148,1476362
2019.10.25,4184.169,4193.002,4150.397,4162.347,333802,1260731
2019.10.28,4163.906,4168.062,4129.614,4148.318,310770,1114063
2019.10.29,4150.397,4163.386,4140.005,4156.112,347797,1287704
2019.10.30,4161.827,4189.885,4137.407,4148.318,414008,1655671
2019.10.31,4129.132,4194.468,4119.28,4173.208,424788,1642436
2019.11.01,4161.282,4165.949,4123.947,4145.207,351318,1400944
2019.11.04,4132.762,4175.282,4129.651,4168.541,337022,1226207
2019.11.05,4155.578,4179.431,4137.948,4148.318,396360,1475739
2019.11.06,4147.8,4245.804,4130.169,4238.026,494763,1813447
2019.11.07,4210.025,4261.879,4198.098,4258.767,501456,1861653
2019.11.08,4275.879,4330.844,4266.545,4324.103,415124,1601343
2019.11.11,4319.437,4331.363,4294.547,4313.214,361463,1293804
2019.11.12,4304.399,4347.956,4301.806,4328.77,423257,1538967
2019.11.13,4334.993,4350.549,4322.029,4331.881,405674,1526485
2019.11.14,4332.919,4359.883,4322.548,4355.216,354932,1393507
2019.11.18,4334.993,4381.661,4328.252,4381.143,313605,1245373
2019.11.19,4367.661,4379.587,4345.882,4353.66,399353,1526991
2019.11.21,4361.957,4383.217,4342.252,4353.142,462958,1770544
2019.11.22,4353.142,4359.364,4330.326,4355.734,357763,1343409
2019.11.25,4351.586,4390.476,4345.882,4385.81,344996,1393497
2019.11.26,4405.514,4436.627,4385.81,4390.476,505967,1914798
2019.11.27,4385.291,4429.885,4384.773,4422.626,383787,1537236
2019.11.28,4410.7,4419.515,4341.734,4345.364,328241,1121800
2019.11.29,4351.574,4401.259,4336.048,4392.461,362197,1444878
2019.12.02,4407.47,4409.54,4362.443,4378.487,347423,1260968
2019.12.03,4365.03,4368.136,4338.635,4359.855,404732,1614166
2019.12.04,4345.881,4363.478,4335.012,4360.89,349917,1336021
2019.12.05,4354.162,4376.417,4328.284,4336.048,391703,1605962
2019.12.06,4331.907,4346.399,4284.292,4291.021,373687,1468968
2019.12.09,4294.126,4310.688,4273.424,4291.021,349030,1311717
2019.12.10,4286.88,4300.854,4281.705,4296.196,293071,1140533
2019.12.11,4289.468,4292.056,4256.345,4271.871,381139,1598418
2019.12.12,4261.52,4279.117,4227.879,4236.16,437315,1697834
2019.12.13,4228.397,4264.625,4219.598,4255.31,417722,1646451
2019.12.16,4247.029,4248.581,4198.379,4205.107,328516,1340652
2019.12.17,4204.589,4221.669,4193.721,4212.353,321509,1261113
2019.12.18,4214.94,4219.598,4188.028,4206.66,314464,1247711
2019.12.19,4208.73,4214.423,4194.238,4213.905,269182,1054031
2019.12.20,4213.905,4248.581,4201.484,4248.581,293611,1172546
2019.12.23,4235.125,4240.301,4200.449,4226.844,249057,1005850
2019.12.26,4218.563,4226.844,4188.028,4198.379,229823,848194
2019.12.27,4188.545,4203.037,4176.124,4185.44,230191,863258
2019.12.30,4174.592,4185.44,4146.696,4158.577,162200,602273
2020.01.02,4149.795,4180.274,4141.53,4164.26,275245,1058201
2020.01.03,4200.938,4210.753,4171.492,4197.322,295407,1057511
2020.01.06,4196.805,4215.919,4187.506,4202.488,296979,1171097
2020.01.07,4200.938,4234.516,4195.772,4209.72,352187,1378842
2020.01.08,4201.454,4219.019,4179.758,4204.037,385724,1498060
2020.01.09,4197.322,4236.066,4197.322,4234.516,345105,1317305
2020.01.10,4224.701,4246.398,4201.971,4237.099,335834,1344742
2020.01.13,4229.867,4289.792,4229.35,4289.792,384501,1509503
2020.01.14,4285.659,4304.257,4263.446,4274.811,376048,1484710
2020.01.15,4288.242,4329.053,4280.493,4318.721,426546,1592384
2020.01.16,4312.005,4344.034,4302.19,4328.02,376197,1408937
2020.01.17,4318.205,4335.769,4301.157,4304.257,355740,1302219
2020.01.20,4306.839,4334.219,4305.29,4333.702,185344,656895
2020.01.21,4340.935,4361.082,4324.92,4355.399,400516,1497317
2020.01.22,4342.484,4347.65,4314.588,4323.887,295574,1149610
2020.01.23,4328.536,4332.153,4297.024,4311.489,358553,1427541
2020.01.24,4308.389,4333.186,4306.323,4322.337,311588,1242885
2020.01.27,4353.333,4373.48,4340.418,4348.684,341598,1320596
2020.01.28,4344.551,4357.466,4328.02,4334.219,352362,1347976
2020.01.29,4337.835,4375.03,4321.821,4372.447,366403,1460292
2020.01.30,4386.911,4414.808,4379.679,4385.362,392824,1680905
2020.01.31,4402.907,4433.87,4388.974,4426.645,361693,1448683
2020.02.03,4413.744,4416.324,4372.461,4390.006,318423,1279996
2020.02.04,4375.041,4404.971,4365.236,4397.747,350632,1386029
2020.02.05,4388.974,4402.907,4368.332,4377.105,345641,1393414
2020.02.06,4358.527,4429.226,4348.722,4425.613,479053,2019939
2020.02.07,4438.514,4467.413,4429.226,4465.865,408317,1645707
2020.02.10,4454.512,4472.574,4447.287,4469.477,347511,1349615
2020.02.11,4455.544,4483.41,4439.547,4473.606,414192,1609426
2020.02.12,4462.253,4500.956,4462.253,4498.892,341615,1317010
2020.02.13,4521.082,4526.242,4449.867,4493.215,445344,1777958
2020.02.14,4464.833,4475.67,4430.258,4437.998,346343,1413800
2020.02.17,4447.803,4472.574,4442.643,4468.445,207498,785690
2020.02.18,4484.443,4505.6,4478.25,4497.344,312936,1253415
2020.02.19,4505.6,4518.502,4499.924,4506.117,259808,1088905
2020.02.20,4524.178,4540.692,4499.408,4536.563,366747,1489083
2020.02.21,4543.272,4547.916,4513.341,4531.919,331323,1388259
2020.02.26,4553.28,4592.45,4539.88,4588.32,50911414660,1148063
2020.02.27,4587.29,4639.85,4584.72,4624.91,93495680750,2089775
2020.02.28,4639.31,4652.17,4601.25,4625.94,87756724580,1948726
2020.03.02,4637.77,4643.94,4605.37,4611.02,69823643240,1552547
2020.03.03,4612.05,4655.77,4588.39,4654.23,88969666450,1977504
2020.03.04,4643.43,4729.84,4640.86,4727.26,77143093640,1695481
2020.03.05,4744.24,4808.53,4726.75,4749.38,91955254830,1983336
2020.03.06,4769.44,4812.64,4749.38,4767.9,75812981080,1630534
2020.03.09,4902.14,4936.6,4848.13,4868.71,83028484110,1746407
2020.03.10,4822.42,4846.08,4775.61,4786.93,73754044200,1579088
2020.03.11,4808.53,4989.58,4795.16,4970.03,83333529220,1770346
2020.03.12,5171.14,5178.34,4891.85,4938.66,68164809700,1397623
2020.03.13,4893.39,5026.09,4781.78,4973.63,73867528480,1550938
2020.03.16,5122.79,5226.68,5025.06,5139.25,85969446940,1727322
2020.03.17,5203.02,5234.91,5102.73,5154.68,94285060800,1875432
2020.03.18,5292.52,5410.82,5202.0,5254.46,118037117400,2293468
2020.03.19,5348.58,5374.81,5216.4,5243.66,103088580900,2004939
2020.03.20,5153.13,5214.85,5127.93,5212.8,101980135400,2029817
2020.03.23,5241.09,5297.66,5149.53,5296.12,103861965300,2038563
2020.03.24,5195.82,5254.97,5192.74,5250.34,111208504500,2189284
2020.03.25,5229.26,5257.03,5116.1,5181.42,114306303200,2265504
2020.03.26,5198.4,5211.77,5116.62,5167.54,114310459000,2281557
2020.03.27,5194.8,5275.03,5189.65,5248.8,108521660100,2130794
2020.03.30,5267.83,5347.04,5258.57,5345.5,91343150610,1770538
2020.03.31,5331.11,5365.53,5318.79,5355.77,96035711190,1846154
2020.04.01,5380.93,5427.16,5373.23,5403.53,98517002180,1873845
2020.04.02,5400.96,5437.94,5373.74,5408.67,97029338210,1840863
2020.04.03,5428.7,5511.39,5420.48,5509.85,84546713250,1590900
2020.04.06,5459.0,5464.14,5375.28,5438.46,103801214300,1968767
2020.04.07,5334.2,5401.99,5331.11,5372.72,107845822700,2063876
2020.04.08,5362.44,5398.4,5257.16,5264.35,107725523500,2071956
2020.04.09,5253.56,5299.79,5193.47,5253.05,105413875700,2068817
2020.04.13,5266.92,5356.28,5249.45,5349.6,101173953200,1952478
2020.04.14,5334.2,5359.88,5294.65,5312.63,100269420100,1933437
2020.04.15,5367.07,5417.4,5361.93,5389.15,97684847610,1859467
2020.04.16,5399.94,5416.37,5348.06,5384.02,106796227000,2034985
2020.04.17,5356.79,5424.08,5353.2,5383.5,95166547520,1811753
2020.04.20,5429.73,5468.24,5412.26,5463.62,92417990210,1744287
2020.04.22,5468.24,5617.19,5450.27,5612.05,123125686100,2284484
2020.04.23,5600.24,5711.18,5551.45,5689.6,145021884100,2652872
2020.04.24,5707.07,5907.37,5706.04,5740.96,173119949000,3059469
2020.04.27,5703.98,5884.26,5686.52,5811.33,133449654200,2360514
2020.04.28,5778.97,5784.11,5620.78,5647.49,158449660500,2852915
2020.04.29,5616.67,5678.82,5477.49,5479.54,150904976400,2783478
2020.04.30,5495.96,5641.64,5476.47,5638.56,119127790000,2192622
2020.05.04,5757.57,5767.83,5671.91,5698.07,127145786600,2280571
2020.05.05,5679.09,5759.11,5633.43,5732.95,140436729100,2527610
2020.05.06,5748.34,5881.2,5748.34,5875.56,116497430100,2050988
2020.05.07,5936.09,6037.14,5900.18,5998.16,163288968700,2799464
2020.05.08,5959.17,5987.38,5873.5,5900.69,147777361100,2558962
2020.05.11,5943.78,5999.18,5920.7,5975.59,136284121300,2346323
2020.05.12,5950.45,6055.1,5898.13,6047.4,159413751400,2743149
2020.05.13,6198.85,6323.2,6189.29,6258.9,166785912600,2826369
2020.05.14,6299.82,6352.96,6172.81,6188.22,192572790700,3258487
2020.05.15,6244.55,6254.12,6127.64,6229.14,169532350200,2908033
2020.05.18,6154.21,6173.34,6056.44,6084.6,151412789200,2636431
2020.05.19,6054.84,6134.02,6043.15,6123.92,163001672500,2845463
2020.05.20,6084.6,6117.55,6028.8,6053.25,160643369300,2814942
2020.05.21,6058.03,6067.06,5898.08,5906.58,180145207800,3215288
2020.05.22,5929.43,5980.98,5871.51,5882.67,182092140700,3263560
2020.05.25,5854.5,5878.95,5775.85,5787.01,114777348700,2095293
2020.05.26,5713.15,5742.37,5670.63,5691.36,158326725300,2949335
2020.05.27,5678.61,5697.74,5601.02,5605.8,170631331100,3217280
2020.05.28,5614.84,5753.0,5613.77,5747.69,160141207000,3000459
2020.05.29,5720.1,5804.46,5652.18,5673.93,179320150900,3318950
2020.06.01,5667.03,5757.77,5642.63,5703.12,179983661600,3349523
2020.06.02,5657.48,5673.4,5524.3,5529.6,175261586600,3331557
2020.06.03,5534.38,5541.28,5330.62,5383.68,199775179700,3925063
2020.06.04,5375.19,5464.34,5339.11,5438.87,209885026400,4108208
2020.06.05,5370.95,5397.48,5242.54,5276.5,172864429100,3459788
2020.06.08,5271.19,5286.58,5115.72,5115.72,179822699300,3652590
2020.06.09,5171.96,5243.6,5161.88,5206.45,168452716000,3435943
2020.06.10,5158.7,5288.7,5138.0,5286.58,199834674500,4075493
2020.06.12,5404.38,5429.32,5312.05,5365.11,213116607900,4216240
2020.06.15,5449.48,5549.24,5394.29,5469.11,216654272400,4193779
2020.06.16,5431.97,5580.54,5361.93,5570.46,234078933600,4546598
2020.06.17,5550.3,5598.58,5503.07,5549.24,201387926900,3842158
2020.06.18,5627.24,5721.16,5618.22,5714.26,188981985600,3532200
2020.06.19,5654.3,5713.73,5614.5,5642.09,207700065600,3887789
2020.06.22,5618.75,5624.05,5520.05,5577.36,179471443200,3422510
2020.06.23,5523.77,5548.71,5450.01,5472.83,163854693000,3167369
2020.06.24,5496.7,5683.48,5482.38,5679.77,211509439700,4017992
2020.06.25,5706.3,5719.03,5590.62,5693.57,214293914400,4018710
2020.06.26,5707.89,5829.93,5696.75,5820.91,187388644000,3437717
2020.06.29,5794.91,5807.65,5720.1,5736.55,187587118500,3451716
2020.06.30,5755.09,5843.04,5733.9,5791.65,159236988800,2913458
2020.07.01,5789.0,5809.66,5622.1,5641.7,168235563200,3129450
2020.07.02,5600.38,5704.76,5588.19,5692.04,192679863800,3620336
2020.07.03,5672.44,5708.99,5629.52,5635.35,101728192500,1903837
2020.07.06,5591.37,5688.86,5582.36,5684.62,165941941100,3118845
2020.07.07,5716.41,5730.72,5611.5,5702.11,209604016900,3916318
2020.07.08,5687.8,5721.71,5641.7,5661.84,199244495500,3717295
2020.07.09,5656.54,5705.29,5564.88,5667.14,199073311900,3744271
2020.07.10,5693.1,5721.71,5634.82,5647.53,178289469400,3331902
2020.07.13,5636.41,5737.61,5631.11,5731.78,168391129000,3140441
2020.07.14,5713.23,5784.23,5653.36,5694.16,227406233200,4210966
2020.07.15,5636.41,5716.41,5612.03,5690.45,191201112700,3573498
2020.07.16,5705.81,5719.06,5627.93,5654.42,184305736700,3446394
2020.07.17,5651.77,5717.47,5636.94,5716.94,146979861400,2743245
2020.07.20,5691.51,5715.88,5649.12,5654.42,147858631200,2758752
2020.07.21,5623.16,5630.58,5476.4,5482.22,211124006100,4043684
2020.07.22,5488.05,5515.6,5388.44,5429.77,179732177400,3506914
2020.07.23,5445.14,5539.45,5431.36,5523.55,204528128500,3951609
2020.07.24,5536.27,5568.06,5468.98,5548.45,194555837800,3735944
2020.07.27,5503.95,5536.8,5449.37,5457.32,160773015900,3101650
2020.07.28,5496.0,5515.07,5443.02,5473.22,152104114900,2940364
2020.07.29,5450.96,5493.88,5421.29,5481.16,162655119300,3158724
2020.07.30,5514.54,5528.32,5452.02,5461.56,162399037600,3136956
2020.07.31,5494.91,5543.62,5472.68,5539.39,141455199400,2716992
2020.08.03,5543.62,5656.39,5523.5,5643.15,162140946500,3055173
2020.08.04,5666.98,5699.27,5590.74,5599.21,185941145200,3487402
2020.08.05,5563.21,5638.92,5546.27,5611.39,170331532300,3223281
2020.08.06,5660.62,5693.45,5637.33,5648.98,164674861900,3077309
2020.08.07,5664.86,5765.45,5659.57,5763.86,170693861100,3152253
2020.08.10,5753.8,5819.98,5671.74,5809.39,183168150900,3381443
2020.08.11,5763.86,5789.8,5692.39,5702.45,231317035700,4265649
2020.08.12,5724.68,5819.98,5721.51,5760.16,204396850400,3746346
2020.08.13,5737.92,5746.39,5668.57,5691.33,180424525700,3351147
2020.08.14,5719.92,5765.45,5677.57,5745.33,160447663500,2967260
2020.08.17,5762.27,5841.69,5729.98,5836.92,160962139100,2944719
2020.08.18,5767.04,5843.28,5742.16,5788.75,185005886800,3383696
2020.08.19,5771.8,5891.45,5756.98,5890.92,173895150300,3164656
2020.08.20,5945.46,6008.46,5866.57,5889.87,228755531000,4070533
2020.08.21,5891.98,5966.63,5884.57,5956.04,169098410600,3017291
2020.08.24,5908.93,5947.57,5887.75,5946.51,146354140200,2615989
2020.08.25,5913.69,5945.46,5830.57,5834.28,180139901600,3232194
2020.08.26,5856.51,5966.1,5851.22,5942.28,188900010500,3385664
2020.08.27,5927.98,5953.4,5871.34,5899.4,194254956800,3477424
2020.08.28,5841.69,5852.28,5703.51,5707.74,179784007500,3294361
2020.08.31,5731.02,5820.45,5722.03,5818.33,140050726500,2561348
2020.09.01,5770.18,5778.12,5651.66,5722.56,195042124500,3619544
2020.09.02,5732.61,5752.72,5657.48,5658.0,183605307600,3414163
2020.09.03,5688.17,5693.46,5584.98,5606.68,193342487700,3637859
2020.09.04,5616.73,5643.19,5556.94,5611.97,172025798300,3248421
2020.09.08,5676.52,5728.91,5629.43,5678.64,170329576600,3171907
2020.09.09,5657.48,5658.0,5589.75,5622.02,144327218300,2720470
2020.09.10,5616.2,5646.89,5579.69,5635.25,174755033500,3295964
2020.09.11,5606.15,5664.88,5569.64,5630.49,159484345900,3007280
2020.09.14,5617.26,5636.84,5572.29,5580.22,144147502000,2720813
2020.09.15,5544.77,5612.5,5527.31,5585.51,168345318400,3193804
2020.09.16,5556.94,5583.4,5516.73,5545.3,171091303300,3260820
2020.09.17,5577.05,5601.39,5533.66,5544.77,155636473700,2958860
2020.09.18,5560.64,5715.68,5551.12,5705.63,181697068800,3417401
2020.09.21,5769.65,5818.86,5702.98,5734.2,214366416600,3942620
2020.09.22,5742.67,5817.27,5697.16,5790.82,216693136400,3984480
2020.09.23,5829.44,5925.75,5809.87,5920.45,188830020600,3408856
2020.09.24,5916.22,5952.2,5814.1,5829.97,220625675800,3968269
2020.09.25,5864.37,5914.1,5857.49,5886.06,178934507500,3216900
2020.09.28,5841.61,6005.12,5840.03,5989.24,208573659000,3723035
2020.09.29,5974.95,6009.88,5932.09,5963.31,216993347000,3846381
2020.09.30,5960.14,6000.35,5916.22,5943.21,195350701500,3465852
2020.10.01,5902.99,5999.29,5902.46,5975.48,174226170000,3088132
2020.10.02,5990.3,6029.46,5938.44,6022.05,205265383900,3631592
2020.10.05,5989.77,6013.05,5879.71,5905.11,188126011100,3347347
2020.10.06,5865.95,5949.56,5807.22,5921.51,229046453100,4128407
2020.10.07,5889.24,5972.84,5878.65,5942.15,229818959000,4102249
2020.10.08,5921.51,5980.78,5906.7,5931.04,190722345300,3397189
2020.10.09,5910.4,5913.05,5835.79,5864.9,160428982200,2893577
2020.10.13,5849.55,5957.49,5845.32,5889.76,192071603100,3441277
2020.10.14,5921.51,5934.74,5860.66,5923.1,158506083100,2843235
2020.10.15,5961.2,5980.25,5917.81,5943.21,171529447100,3052856
2020.10.16,5936.86,5986.6,5926.8,5976.54,149012844700,2645893
2020.10.19,5949.56,5965.43,5893.47,5937.92,175553612100,3133083
2020.10.20,5933.68,5956.96,5873.36,5936.33,182005546100,3257250
2020.10.21,5927.86,5958.02,5897.17,5936.86,188487854100,3365846
2020.10.22,5943.21,5955.91,5888.18,5927.33,173447790100,3101563
2020.10.23,5900.88,5964.9,5891.35,5949.03,147212984300,2624839
2020.10.26,5975.48,5994.53,5938.97,5952.2,161060689500,2859229
2020.10.27,5937.39,6045.33,5926.8,6042.15,161677751100,2860477
2020.10.28,6067.55,6130.52,6035.28,6083.96,250768839900,4367433
2020.10.29,6122.05,6129.46,6079.72,6120.99,180267130400,3122707
2020.10.30,6122.05,6155.94,6065.41,6101.94,177081297300,3068673
2020.11.03,6040.53,6111.47,5986.53,6099.82,183845653300,3216402
2020.11.04,6107.23,6107.23,5980.7,5989.17,198402859800,3484821
2020.11.05,5945.23,5966.94,5851.0,5854.7,194583892800,3491681
2020.11.06,5844.64,5906.06,5678.41,5685.82,218923968600,3985269
2020.11.09,5594.24,5748.82,5535.47,5707.0,293467840500,5511945
2020.11.10,5707.0,5742.47,5653.0,5737.18,241175821900,4482619
2020.11.11,5730.82,5782.17,5694.29,5713.35,203106706300,3750638
2020.11.12,5717.59,5817.12,5672.06,5784.29,197100259700,3634432
2020.11.13,5776.35,5854.7,5771.06,5782.7,169497402100,3089161
2020.11.16,5750.41,5781.12,5682.65,5739.82,198649029600,3665591
2020.11.17,5709.12,5744.59,5638.18,5649.29,212046640800,3944045
2020.11.18,5646.65,5691.12,5587.35,5680.53,202401894800,3808505
2020.11.19,5699.59,5702.76,5612.24,5620.18,180138751100,3378190
2020.11.20,5601.12,5714.94,5600.06,5698.0,159937878700,2985691
2020.11.23,5671.0,5772.12,5654.06,5762.06,214780350500,3974729
2020.11.24,5737.7,5748.29,5686.88,5690.59,169547715100,3142575
2020.11.25,5709.12,5716.0,5617.0,5635.0,166993189100,3127106
2020.11.26,5659.88,5673.65,5607.47,5650.88,110450968400,2073682
2020.11.27,5644.53,5696.41,5632.88,5662.53,129983200100,2431112
2020.11.30,5616.97,5719.75,5589.95,5652.99,166067647900,3110485
2020.12.01,5633.92,5648.22,5513.65,5518.95,195730074100,3712255
2020.12.02,5537.5,5568.75,5516.83,5531.14,169052492500,3229917
2020.12.03,5533.26,5543.32,5427.3,5460.67,190279211300,3684898
2020.12.04,5455.91,5493.52,5421.47,5466.5,168262092500,3264802
2020.12.07,5478.16,5478.16,5358.95,5403.46,201888480700,3956282
2020.12.08,5426.77,5445.84,5364.78,5425.18,184531226200,3616591
2020.12.09,5404.52,5507.83,5390.21,5480.81,184320396600,3589548
2020.12.10,5416.7,5438.95,5314.98,5327.16,200018501900,3938305
2020.12.11,5356.3,5392.33,5329.28,5372.73,155921163700,3080117
2020.12.14,5339.35,5436.83,5309.15,5422.53,179474876900,3536346
2020.12.15,5397.63,5430.48,5377.5,5387.56,152165421200,2983949
2020.12.16,5364.78,5449.55,5362.66,5385.97,166526688500,3258669
2020.12.17,5361.6,5389.68,5339.35,5358.95,145389893300,2871336
2020.12.18,5403.46,5421.47,5373.79,5406.1,139398998100,2737305
2020.12.21,5513.12,5535.91,5416.17,5423.59,169423442000,3284221
2020.12.22,5442.13,5479.75,5413.52,5467.03,142373175000,2766173
2020.12.23,5452.73,5531.14,5434.71,5531.14,143708657300,2774156
2020.12.28,5488.75,5627.56,5471.27,5550.21,191736989900,3654587
2020.12.29,5538.56,5558.69,5470.74,5524.78,161332378300,3104727
2020.12.30,5497.76,5549.15,5460.15,5512.07,121033997700,2332094
2021.01.04,5436.31,5618.02,5426.78,5618.02,198675832800,3816894
2021.01.05,5605.3,5677.35,5569.81,5610.07,208024282400,3915982
2021.01.06,5586.23,5683.18,5548.62,5638.68,234652310200,4425607
2021.01.07,5663.58,5746.22,5619.08,5743.57,213055638700,3971136
2021.01.08,5708.07,5768.47,5642.39,5745.16,212411670700,3945023
2021.01.11,5781.71,5848.46,5777.47,5815.61,193907105400,3528252
2021.01.12,5800.78,5825.15,5631.79,5646.62,214863174000,3959501
2021.01.13,5669.93,5676.82,5587.29,5618.55,218092438200,4102363
2021.01.14,5612.19,5620.67,5503.06,5508.36,193581618700,3688306
2021.01.15,5556.04,5628.61,5536.96,5609.54,179995267800,3414555
2021.01.18,5629.67,5641.33,5549.68,5617.49,151104847300,2858924
2021.01.19,5584.11,5690.59,5553.92,5681.59,188452559100,3549781
2021.01.20,5655.63,5676.82,5598.42,5609.01,177863762300,3347727
2021.01.21,5561.33,5722.91,5543.85,5671.52,203387571300,3817467
2021.01.22,5726.62,5815.61,5717.61,5794.95,167254502900,3073426
2021.01.26,5796.54,5805.02,5629.67,5674.7,219319001100,4071849
2021.01.27,5691.12,5742.51,5668.34,5737.21,226127872800,4196543
2021.01.28,5753.1,5790.19,5711.78,5765.82,210079395600,3871664
2021.01.29,5740.41,5832.52,5739.35,5786.46,185054045200,3380521
2021.02.01,5756.82,5811.34,5740.41,5754.7,172783455000,3165635
2021.02.02,5717.65,5742.53,5660.47,5686.94,185393904900,3444405
2021.02.03,5681.12,5714.47,5636.12,5671.06,192995229500,3602273
2021.02.04,5690.65,5780.64,5673.71,5748.88,186708438400,3453247
2021.02.05,5729.82,5779.58,5661.53,5690.65,189234426100,3508347
2021.02.08,5717.12,5742.53,5619.71,5686.41,206196926200,3840539
2021.02.09,5679.0,5770.58,5668.94,5699.12,208750559100,3861567
2021.02.10,5699.12,5758.94,5666.3,5707.59,195082532900,3616370
2021.02.11,5689.59,5731.94,5649.89,5685.88,181588035100,3379439
2021.02.12,5722.41,5733.0,5671.59,5688.53,162451982500,3016168
2021.02.17,5747.82,5754.7,5708.65,5731.94,86507548770,1597930
2021.02.18,5709.18,5775.88,5704.94,5750.47,173354215700,3194668
2021.02.19,5783.29,5793.34,5685.35,5699.12,194381141700,3596534
2021.02.22,5833.58,5860.57,5752.05,5788.05,199463745500,3631293
2021.02.23,5772.7,5806.58,5726.64,5762.11,200018892300,3672162
2021.02.24,5735.64,5763.7,5707.59,5722.41,179626759700,3313465
2021.02.25,5755.76,5866.93,5736.7,5860.57,242692211200,4429427
2021.02.26,5856.87,5953.14,5815.61,5934.62,192858770200,3471869
2021.03.01,5916.64,5976.94,5884.9,5974.29,174002013200,3109610
2021.03.02,6001.27,6072.68,5975.35,6015.02,211141936200,3707584
2021.03.03,6022.96,6113.93,5909.76,5947.32,225762910600,3943485
2021.03.04,5914.52,6019.25,5871.15,6003.39,237745906400,4234743
2021.03.05,6011.85,6058.39,5984.87,6026.66,166877561000,2931345
2021.03.08,6072.15,6222.89,6040.41,6222.89,206756769600,3592585
2021.03.09,6177.93,6220.25,6108.11,6144.08,211845834400,3633496
2021.03.10,6137.21,6156.25,5976.41,6007.09,231416293300,4035018
2021.03.11,5918.76,5952.61,5852.11,5863.22,185542281400,3324160
2021.03.12,5900.24,5909.76,5871.15,5878.03,144545677100,2595323
2021.03.15,5881.73,5988.05,5856.87,5946.26,195745148300,3483879
2021.03.16,5956.84,5965.3,5883.85,5953.67,183503913200,3279675
2021.03.17,5992.81,6015.02,5895.48,5909.24,179742622000,3186900
2021.03.18,5826.72,5907.12,5797.1,5887.02,199106640000,3590103
2021.03.19,5849.99,5874.33,5766.95,5809.8,191328170600,3477855
2021.03.22,5828.84,5870.62,5815.09,5833.07,154279579900,2792616
2021.03.23,5862.69,5874.33,5783.35,5847.35,199318756400,3618946
2021.03.24,5828.84,5970.59,5810.32,5953.67,210803793200,3792318
2021.03.25,5953.14,6012.38,5944.67,5978.0,198884902400,3518616
2021.03.26,5981.17,6092.25,5972.18,6090.13,173822857000,3041981
2021.03.29,6100.71,6142.49,6068.97,6117.63,173519176100,3004080
2021.03.30,6118.69,6139.85,6053.1,6108.11,178569548800,3099376
2021.03.31,6097.02,6102.31,5946.53,5957.62,196737725100,3454863
2021.04.01,5951.28,6059.0,5931.74,6039.47,156284725100,2745472
2021.04.05,5997.22,6012.01,5958.67,5990.36,151157453600,2665972
2021.04.06,5993.52,5997.22,5896.36,5913.79,168188431300,2987479
2021.04.07,5911.15,5980.85,5868.37,5941.25,196777873400,3510214
2021.04.08,5930.16,5940.72,5857.28,5891.61,175777761300,3145805
2021.04.09,5919.6,6016.76,5914.31,6016.76,163997111800,2899799
2021.04.12,6003.03,6071.68,5953.92,6065.34,175646309300,3088379
2021.04.13,6062.7,6086.46,5987.19,6044.22,214036517500,3745827
2021.04.14,6028.38,6063.76,5968.71,5979.79,206147530800,3619466
2021.04.15,5976.63,5986.66,5915.9,5937.55,180995777900,3216143
2021.04.16,5935.44,6000.92,5883.69,5905.34,185423130800,3296260
2021.04.19,5888.44,5941.77,5841.97,5860.45,200127175100,3589969
2021.04.20,5883.69,5905.87,5815.57,5885.27,198952012100,3590122
2021.04.22,5869.96,5875.77,5746.39,5753.78,223397192200,4067590
2021.04.23,5736.89,5836.16,5731.6,5784.94,179657942900,3279051
2021.04.26,5764.34,5800.25,5740.05,5745.33,167313877700,3065337
2021.04.27,5746.39,5775.96,5715.76,5759.06,189288571100,3477617
2021.04.28,5759.06,5764.34,5644.47,5646.06,213725156000,3957221
2021.04.29,5650.81,5681.97,5624.41,5639.19,175486252200,3273047
2021.04.30,5661.87,5758.88,5639.72,5749.92,181993265800,3360342
2021.05.03,5724.08,5766.79,5680.32,5750.98,182408384600,3358722
2021.05.04,5772.59,5796.32,5719.87,5757.3,182103837200,3336155
2021.05.05,5747.81,5755.19,5656.07,5658.18,180638479700,3344435
2021.05.06,5650.27,5680.32,5556.41,5579.08,209464815600,3941353
2021.05.07,5581.19,5594.9,5498.41,5535.85,185921848900,3543529
2021.05.10,5534.79,5549.03,5490.5,5519.5,177387583100,3387709
2021.05.11,5533.74,5579.61,5496.83,5516.87,186075758500,3545592
2021.05.12,5529.52,5618.63,5504.21,5605.98,216986520400,4124919
2021.05.13,5601.23,5632.34,5547.97,5604.39,209318185600,3949919
2021.05.14,5583.83,5593.85,5539.01,5568.01,158708789000,3007075
2021.05.17,5583.83,5617.58,5539.01,5571.7,161142890600,3047674
2021.05.18,5557.47,5575.92,5522.67,5554.3,172190049100,3271549
2021.05.19,5581.19,5622.32,5552.19,5608.08,179812273200,3395435
2021.05.20,5599.65,5602.28,5562.74,5578.03,139398809500,2633586
2021.05.21,5578.56,5668.72,5563.27,5660.28,166368652000,3127684
2021.05.24,5657.65,5671.88,5603.87,5610.72,130058203800,2440472
2021.05.25,5603.87,5641.83,5585.94,5624.43,149374320700,2808990
2021.05.26,5617.05,5635.5,5578.03,5604.39,155099862100,2917204
2021.05.27,5596.48,5603.34,5522.14,5523.72,188136576500,3566599
2021.05.28,5544.81,5547.97,5494.19,5512.12,120481566200,2303999
2021.05.31,5510.02,5545.75,5477.97,5498.98,116260562200,2216540
2021.06.01,5479.02,5487.95,5416.49,5427.52,167625570400,3236537
2021.06.02,5433.3,5451.69,5338.72,5347.65,217298898400,4239738
2021.06.04,5382.86,5384.96,5301.41,5317.7,162255348500,3195649
2021.06.07,5309.29,5340.82,5286.17,5326.11,163318178000,3229509
2021.06.08,5312.44,5338.72,5289.32,5304.56,159777605300,3161290
2021.06.09,5292.48,5356.06,5286.17,5332.94,162468647400,3207857
2021.06.10,5330.84,5361.84,5299.31,5324.53,170466402900,3362174
2021.06.11,5317.7,5411.23,5317.17,5390.21,145684688000,2845555
2021.06.14,5375.5,5381.81,5322.43,5328.21,135233786200,2658309
2021.06.15,5331.36,5373.92,5304.56,5308.24,169375820300,3332783
2021.06.16,5318.75,5348.7,5255.69,5320.85,217703410800,4316984
2021.06.17,5333.46,5342.4,5268.83,5268.83,177582639600,3520795
2021.06.18,5268.83,5376.03,5242.03,5355.01,214055928000,4244395
2021.06.21,5337.14,5346.6,5273.56,5274.61,135030218800,2676346
2021.06.22,5274.61,5307.19,5213.66,5213.66,194515179900,3879123
2021.06.23,5219.44,5237.3,5192.11,5223.11,192518403000,3878960
2021.06.24,5221.54,5223.64,5150.08,5168.99,172589811400,3502303
2021.06.25,5166.89,5230.47,5144.82,5187.91,170621276400,3460364
2021.06.28,5203.15,5226.79,5169.52,5180.03,149493618000,3022551
2021.06.29,5194.74,5224.69,5172.67,5208.93,138341192600,2797965
2021.06.30,5216.26,5282.29,5206.31,5226.74,158831480100,3170453
2021.07.01,5218.36,5313.73,5200.54,5304.83,179708994100,3578796
2021.07.02,5293.82,5333.12,5241.94,5318.45,168054430600,3329917
2021.07.05,5313.73,5360.37,5305.87,5351.99,107271598500,2108215
2021.07.06,5336.79,5483.0,5334.7,5463.09,199468317500,3853877
2021.07.07,5443.7,5549.55,5432.69,5498.72,232502509300,4433952
2021.07.08,5544.31,5583.09,5483.52,5525.45,213696424900,4047772
2021.07.12,5519.68,5551.12,5423.78,5432.17,183346149200,3504798
2021.07.13,5438.98,5485.09,5406.49,5422.73,196264737000,3782063
2021.07.14,5411.21,5415.92,5320.55,5326.31,184410373600,3613359
2021.07.15,5338.36,5394.96,5305.35,5369.28,185306854200,3626424
2021.07.16,5359.85,5381.86,5326.31,5369.28,178923162900,3502156
2021.07.19,5413.3,5518.11,5407.01,5510.77,196048730700,3760131
2021.07.20,5499.77,5556.36,5458.89,5479.85,195722962000,3727512
2021.07.21,5490.34,5537.5,5435.84,5442.65,200060434400,3816591
2021.07.22,5437.41,5481.43,5421.69,5458.89,184718814700,3549098
2021.07.23,5452.6,5488.76,5410.68,5455.22,159442085100,3072609
2021.07.26,5444.74,5485.09,5402.3,5429.02,161728291500,3116322
2021.07.27,5445.79,5458.89,5399.68,5420.64,168102863100,3247191
2021.07.28,5422.21,5444.22,5351.99,5366.66,194033087300,3764757
2021.07.29,5332.08,5336.79,5283.86,5324.22,160722383100,3169720
2021.07.30,5321.61,5479.21,5321.61,5463.04,169023431500,3271713
2021.08.02,5484.69,5515.22,5404.68,5464.16,178831266100,3461633
2021.08.03,5460.48,5573.12,5456.26,5494.16,208688756500,3974805
2021.08.04,5478.37,5542.59,5457.32,5462.05,200555120200,3841114
2021.08.05,5413.63,5554.69,5398.89,5546.8,221661593100,4276243
2021.08.06,5525.74,5571.54,5497.32,5525.22,194203431700,3694918
2021.08.09,5521.53,5595.22,5506.27,5526.8,206300081100,3912031
2021.08.10,5528.9,5556.8,5474.69,5479.42,216071395200,4123678
2021.08.11,5485.21,5525.74,5451.0,5518.9,198331238900,3800161
2021.08.12,5508.9,5553.11,5497.85,5544.69,173585859500,3306718
2021.08.13,5532.06,5573.12,5508.37,5539.43,178459870200,3393382
2021.08.16,5564.69,5588.91,5516.27,5548.9,177774838000,3373880
2021.08.17,5570.48,5594.17,5522.59,5586.8,219964164700,4166055
2021.08.18,5574.17,5692.6,5549.43,5684.18,223427712500,4191536
2021.08.19,5712.6,5752.61,5671.55,5707.34,236338702400,4356393
2021.08.20,5737.34,5772.08,5656.28,5667.34,182344968500,3356935
2021.08.23,5655.23,5693.65,5633.65,5671.02,176963508100,3288446
2021.08.24,5651.54,5654.18,5527.85,5533.64,190823090400,3600540
2021.08.25,5549.43,5553.11,5485.21,5493.11,183112023700,3489560
2021.08.26,5503.64,5548.38,5494.69,5544.69,152429595900,2904541
2021.08.27,5535.74,5541.01,5462.58,5480.48,167758754400,3212529
2021.08.30,5474.16,5503.11,5454.16,5458.37,144053958400,2770032
2021.08.31,5456.8,5470.42,5384.49,5420.12,171744026000,3317015
2021.09.01,5425.36,5469.37,5410.16,5457.32,167866704800,3238019
2021.09.02,5443.17,5470.42,5409.11,5451.56,187688062200,3613807
2021.09.03,5441.6,5470.42,5397.06,5467.28,167631297600,3228992
2021.09.06,5457.32,5481.43,5421.17,5437.93,88690194840,1705676
2021.09.08,5461.51,5608.23,5460.47,5590.94,215238277600,4073282
2021.09.09,5577.31,5608.23,5460.47,5477.23,241641019400,4558324
2021.09.10,5427.45,5540.64,5422.21,5520.72,176345823900,3365200
2021.09.13,5505.0,5509.2,5466.23,5484.57,159833786500,3051998
2021.09.14,5501.86,5531.2,5462.56,5515.48,165268607500,3150910
2021.09.15,5507.1,5538.02,5477.76,5492.95,173324842400,3291415
2021.09.16,5501.86,5545.88,5495.05,5517.58,147060266800,2789691
2021.09.17,5519.15,5615.04,5513.91,5551.64,193814268700,3647560
2021.09.20,5586.75,5645.96,5571.03,5591.99,180962039300,3385159
2021.09.21,5575.74,5602.47,5524.39,5530.68,170051496700,3202373
2021.09.22,5514.44,5582.55,5509.72,5552.69,164453802100,3109224
2021.09.23,5520.72,5573.65,5515.48,5566.31,147732772300,2788657
2021.09.24,5575.22,5617.14,5575.22,5599.32,131372319000,2457778
2021.09.27,5581.51,5658.01,5566.31,5654.34,181555010000,3390161
2021.09.28,5667.96,5715.65,5649.62,5691.54,193944679400,3576648
2021.09.29,5669.54,5708.31,5648.58,5672.16,179889533400,3315710
2021.09.30,5666.94,5738.41,5626.25,5704.5,222488964900,4076780
2021.10.01,5678.42,5692.5,5609.03,5620.51,170326717500,3148418
2021.10.04,5642.94,5719.63,5629.38,5718.59,152012334200,2791725
2021.10.05,5686.24,5749.36,5682.59,5739.45,163840932100,2989551
2021.10.06,5774.93,5798.92,5734.24,5751.45,198345364000,3588419
2021.10.07,5729.54,5787.97,5725.37,5778.58,181081654800,3277311
2021.10.08,5758.23,5790.05,5732.15,5769.19,175742046600,3179471
2021.10.11,5756.15,5802.57,5747.8,5795.27,112651699300,2035540
2021.10.13,5772.32,5831.27,5753.54,5770.23,214024032000,3854733
2021.10.14,5724.85,5785.36,5718.06,5767.1,174727598500,3167577
2021.10.15,5739.45,5759.28,5683.11,5712.33,187354292900,3420597
2021.10.18,5717.54,5795.27,5713.89,5763.45,180715404600,3268948
2021.10.19,5795.79,5866.74,5786.92,5838.05,239060239200,4286278
2021.10.20,5834.4,5854.74,5769.19,5849.53,202569526200,3637899
2021.10.21,5917.34,5946.03,5873.52,5912.65,217137544700,3835940
2021.10.22,5936.64,6011.77,5873.0,5902.74,254396166600,4459868
2021.10.25,5906.39,5912.65,5783.27,5804.14,191685881400,3425757
2021.10.26,5798.92,5854.74,5793.18,5812.49,177658954300,3184567
2021.10.27,5814.57,5838.57,5779.62,5780.66,196792934800,3534623
2021.10.28,5796.84,5911.08,5792.66,5891.26,213623346100,3805627
2021.10.29,5879.85,5906.3,5837.33,5874.67,194843502000,3435992
2021.11.01,5867.93,5930.67,5861.7,5926.0,130208639300,2286122
2021.11.03,5914.07,5940.0,5779.78,5789.11,211736591300,3733071
2021.11.04,5803.63,5863.78,5796.89,5839.41,175468244200,3118253
2021.11.05,5832.15,5841.48,5732.08,5771.48,163767138100,2939719
2021.11.08,5788.08,5829.04,5764.74,5776.67,139013449100,2488834
2021.11.09,5776.67,5777.71,5678.67,5703.04,170469919200,3089359
2021.11.10,5728.45,5734.67,5655.86,5714.45,196171500800,3571239
2021.11.11,5705.63,5708.23,5606.08,5613.86,156833106100,2884489
2021.11.12,5620.6,5688.0,5610.75,5679.71,159586715000,2930658
2021.11.16,5662.6,5728.45,5646.01,5722.23,167932460600,3059497
2021.11.17,5703.56,5754.89,5681.78,5746.6,145945516600,2645990
2021.11.18,5741.93,5796.89,5741.41,5778.22,147025049700,2642746
2021.11.19,5795.85,5832.67,5735.71,5832.15,167423307500,3003269
2021.11.22,5819.19,5831.11,5778.22,5800.0,161997520900,2894127
2021.11.23,5822.82,5879.33,5778.74,5782.89,176501908400,3131191
2021.11.24,5789.63,5836.3,5765.78,5820.22,158354486200,2827280
2021.11.25,5798.45,5810.89,5758.0,5778.74,108283670500,1941283
2021.11.26,5877.78,5879.85,5781.85,5821.78,158549469100,2829896
2021.11.29,5807.26,5850.3,5787.56,5810.89,151930232100,2708242
2021.11.30,5808.83,5880.96,5786.16,5811.41,190451617000,3365644
2021.12.01,5791.31,5907.76,5783.58,5904.66,162679519400,2870271
2021.12.02,5874.27,5888.69,5820.17,5852.11,173304018000,3052916
2021.12.03,5858.29,5892.81,5804.71,5858.81,174105739600,3063877
2021.12.06,5849.02,5908.79,5839.74,5898.48,146450454500,2562001
2021.12.07,5870.66,5877.36,5810.38,5823.26,172385851100,3040004
2021.12.08,5805.74,5837.17,5723.3,5729.48,173698649700,3099853
2021.12.09,5733.6,5796.98,5714.03,5769.16,151158845000,2705031
2021.12.10,5755.24,5832.53,5754.21,5810.38,163311718800,2905828
2021.12.13,5800.59,5878.9,5795.95,5878.39,167420008000,2954860
2021.12.14,5859.84,5894.36,5811.92,5876.84,158368775000,2788524
2021.12.15,5874.27,5930.94,5852.63,5877.36,192707334300,3365905
2021.12.16,5861.38,5918.58,5850.56,5880.45,173963402800,3049942
2021.12.17,5875.3,5906.21,5849.53,5883.02,137788746800,2415187
2021.12.20,5899.0,5935.06,5875.81,5933.0,138125022600,2411135
2021.12.21,5909.3,5943.82,5896.42,5932.49,131335744500,2284346
2021.12.22,5919.61,5927.34,5827.38,5836.14,133223905600,2331187
2021.12.23,5837.68,5900.54,5807.28,5843.87,152594264700,2683908
2021.12.27,5843.35,5885.09,5798.01,5799.56,108018229500,1906378
2021.12.28,5793.37,5837.17,5791.31,5802.65,112154766300,1987959
2021.12.29,5810.38,5886.12,5795.95,5876.84,105897336200,1868152
2021.12.30,5869.17,5876.84,5717.19,5742.27,137360456700,2436935
2022.01.03,5740.73,5863.03,5725.89,5860.98,133365541500,2352883
2022.01.04,5837.95,5880.94,5805.2,5846.14,153446852900,2684272
2022.01.05,5848.7,5891.68,5808.27,5860.98,158969501000,2783513
2022.01.06,5860.98,5891.68,5834.88,5849.21,142768134700,2490180
2022.01.07,5845.12,5874.28,5780.64,5798.55,142175885600,2497224
2022.01.10,5806.23,5853.82,5789.85,5823.63,128988800300,2264004
2022.01.11,5812.37,5834.37,5719.24,5728.45,171938421600,3043801
2022.01.12,5735.61,5756.08,5672.16,5690.07,176918363600,3169310
2022.01.13,5703.38,5707.47,5650.16,5678.3,168822245100,3043800
2022.01.14,5679.84,5701.84,5656.3,5683.42,138890801300,2500477
2022.01.17,5684.96,5689.05,5641.46,5661.93,105520078500,1907631
2022.01.18,5681.37,5729.98,5650.16,5714.63,158168225300,2846463
2022.01.19,5690.07,5697.24,5579.03,5581.59,184579541200,3352677
2022.01.20,5587.73,5602.06,5516.1,5557.54,178484114100,3286826
2022.01.21,5578.52,5613.32,5539.63,5597.45,169552148000,3109473
2022.01.24,5615.36,5662.95,5604.62,5625.6,183173579300,3328396
2022.01.25,5634.81,5657.84,5562.15,5579.03,161684347300,2946526
2022.01.26,5560.1,5600.53,5523.26,5566.24,193769499100,3564076
2022.01.27,5562.15,5566.24,5481.3,5538.1,217557636800,4026984
2022.01.28,5557.03,5562.15,5493.58,5496.14,166134848500,3077770
2022.01.31,5480.41,5517.45,5402.25,5425.09,163818556500,3048934
2022.02.01,5413.93,5434.22,5380.94,5380.94,156084763100,2933474
2022.02.02,5379.42,5430.16,5369.77,5375.36,152518623100,2866215
2022.02.03,5387.54,5436.25,5383.98,5397.69,159542385500,2992651
2022.02.04,5409.36,5461.63,5391.09,5439.3,140819950800,2630497
2022.02.07,5425.09,5432.19,5357.59,5368.25,140642449900,2645328
2022.02.08,5374.34,5395.66,5356.58,5363.18,133989609600,2530022
2022.02.09,5354.04,5394.64,5315.98,5341.86,159205486700,3015502
2022.02.10,5336.28,5357.09,5271.83,5347.44,202333175300,3860322
2022.02.11,5331.2,5365.21,5278.93,5351.5,190442852500,3640367
2022.02.14,5351.5,5364.19,5291.62,5305.83,161761246300,3090116
2022.02.15,5289.59,5312.43,5252.04,5252.04,139931564900,2688518
2022.02.16,5252.54,5269.8,5213.47,5228.69,165277154800,3197512
2022.02.17,5242.39,5271.32,5214.99,5260.66,137127790400,2653533
2022.02.18,5253.56,5255.59,5189.61,5223.62,158919308100,3089580
2022.02.21,5217.53,5240.36,5157.64,5189.11,136784726000,2674643
2022.02.22,5178.45,5183.02,5125.67,5141.91,169293031700,3338138
2022.02.23,5126.18,5131.25,5072.38,5087.1,174437744100,3476905
2022.02.24,5135.82,5243.41,5112.47,5201.79,246458336300,4819302
2022.02.25,5209.36,5270.38,5168.01,5259.28,182177269000,3516420
2022.03.02,5313.24,5313.24,5169.52,5188.68,109079258100,2102730
2022.03.03,5195.24,5201.79,5104.97,5118.59,187537174300,3684026
2022.03.04,5133.21,5183.13,5107.99,5143.3,185665955200,3634059
2022.03.07,5158.42,5196.25,5110.01,5196.25,198969390200,3897400
2022.03.08,5164.98,5179.6,5123.12,5136.74,208730635100,4083845
2022.03.09,5103.46,5112.53,5061.1,5087.82,164711573100,3267031
2022.03.10,5102.45,5150.36,5084.29,5086.31,152979182400,3014326
2022.03.11,5073.7,5155.4,5056.05,5148.34,142630085400,2818827
2022.03.14,5128.17,5210.37,5107.99,5195.24,154679370300,3025811
2022.03.15,5177.08,5239.62,5162.46,5231.55,150404101300,2914355
2022.03.16,5206.33,5223.98,5138.76,5142.29,194138712600,3773193
2022.03.17,5139.77,5172.54,5091.86,5103.96,168849135600,3317580
2022.03.18,5112.53,5138.25,5055.04,5087.32,151788051200,3002660
2022.03.21,5089.84,5091.35,4989.49,4997.55,156242361700,3135417
2022.03.22,4992.51,5008.14,4961.25,4968.31,164885362800,3337658
2022.03.23,4973.85,4975.87,4873.5,4882.58,174790031900,3581573
2022.03.24,4886.11,4911.32,4816.01,4880.05,204767732100,4242330
2022.03.25,4872.49,4874.51,4778.69,4792.31,141414634800,2956201
2022.03.28,4787.77,4866.94,4780.71,4812.98,165438468500,3453960
2022.03.29,4784.24,4829.62,4761.54,4803.4,181010119500,3806265
2022.03.30,4805.92,4835.17,4769.61,4815.0,152398574400,3200012
2022.03.31,4816.5,4834.0,4760.0,4781.0,164852969500,3442067
2022.04.01,4770.0,4770.5,4688.0,4692.5,142978064000,3023039
2022.04.04,4690.5,4708.5,4622.0,4626.0,127993683700,2749940
2022.04.05,4626.0,4705.0,4613.0,4684.5,158157093300,3384852
2022.04.06,4680.5,4755.5,4675.0,4750.5,163236425400,3455348
2022.04.07,4735.0,4800.0,4717.0,4782.5,164367200400,3448297
2022.04.08,4769.0,4819.0,4718.5,4723.5,161364751000,3384587
2022.04.11,4737.5,4764.0,4702.0,4715.0,159888276000,3380534
2022.04.12,4701.0,4717.0,4643.0,4698.0,168114295100,3589698
2022.04.13,4691.5,4725.5,4672.0,4711.0,145004353500,3084009
2022.04.14,4714.5,4759.0,4705.0,4717.5,154336313200,3262369
2022.04.18,4703.0,4724.5,4660.0,4670.0,134794644400,2873857
2022.04.19,4680.0,4699.5,4653.5,4682.0,152709006800,3263814
2022.04.20,4660.5,4692.0,4620.0,4634.0,148373934500,3191025
2022.04.22,4732.82,4891.19,4721.73,4846.81,212735154800,4465689
2022.04.25,4867.99,5000.63,4852.86,4929.52,225014003700,4607503
2022.04.26,4954.74,5053.59,4940.62,5048.55,204493980400,4116938
2022.04.27,5035.94,5088.39,4974.91,5012.74,241310153300,4826788
2022.04.28,5031.9,5091.42,4980.97,4985.0,192395919800,3849049
2022.04.29,4948.5,5029.0,4907.0,5018.0,185257963200,3728175
