asset;date;open;high;low;close;business;volume
WDOFUT;27/12/2021;5670,50;5711,00;5658,50;5661,00;4,533499525E10;797129
WDOFUT;23/12/2021;5665,00;5726,00;5635,50;5671,00;1,525942647E11;2683908
WDOFUT;22/12/2021;5744,50;5752,00;5655,00;5663,50;1,332239056E11;2331187
WDOFUT;21/12/2021;5734,50;5768,00;5722,00;5757,00;1,313357445E11;2284346
WDOFUT;20/12/2021;5724,50;5759,50;5702,00;5757,50;1,381250226E11;2411135
WDOFUT;17/12/2021;5701,50;5731,50;5676,50;5709,00;1,377887468E11;2415187
WDOFUT;16/12/2021;5688,00;5743,50;5677,50;5706,50;1,739634028E11;3049942
WDOFUT;15/12/2021;5700,50;5755,50;5679,50;5703,50;1,927073343E11;3365905
WDOFUT;14/12/2021;5686,50;5720,00;5640,00;5703,00;1,58368775E11;2788524
WDOFUT;13/12/2021;5629,00;5705,00;5624,50;5704,50;1,67420008E11;2954860
WDOFUT;10/12/2021;5585,00;5660,00;5584,00;5638,50;1,633117188E11;2905828
WDOFUT;09/12/2021;5564,00;5625,50;5545,00;5598,50;1,51158845E11;2705031
WDOFUT;08/12/2021;5634,00;5664,50;5554,00;5560,00;1,736986497E11;3099853
WDOFUT;07/12/2021;5697,00;5703,50;5638,50;5651,00;1,723858511E11;3040004
WDOFUT;06/12/2021;5676,00;5734,00;5667,00;5724,00;1,464504545E11;2562001
WDOFUT;03/12/2021;5685,00;5718,50;5633,00;5685,50;1,741057396E11;3063877
WDOFUT;02/12/2021;5700,50;5714,50;5648,00;5679,00;1,73304018E11;3052916
WDOFUT;01/12/2021;5620,00;5733,00;5612,50;5730,00;1,626795194E11;2870271
WDOFUT;30/11/2021;5637,00;5707,00;5615,00;5639,50;1,90451617E11;3365644
WDOFUT;29/11/2021;5635,48;5677,24;5616,36;5639,00;1,519302321E11;2708242
WDOFUT;26/11/2021;5703,91;5705,92;5610,82;5649,57;1,585494691E11;2829896
WDOFUT;25/11/2021;5626,92;5639,00;5587,68;5607,80;1,082836705E11;1941283
WDOFUT;24/11/2021;5618,37;5663,66;5595,22;5648,06;1,583544862E11;2827280
WDOFUT;23/11/2021;5650,57;5705,42;5607,80;5611,83;1,765019084E11;3131191
WDOFUT;22/11/2021;5647,05;5658,62;5607,30;5628,43;1,619975209E11;2894127
WDOFUT;19/11/2021;5624,41;5660,13;5566,04;5659,63;1,674233075E11;3003269
WDOFUT;18/11/2021;5572,08;5625,41;5571,58;5607,30;1,470250497E11;2642746
WDOFUT;17/11/2021;5534,84;5584,66;5513,71;5576,61;1,459455166E11;2645990
WDOFUT;16/11/2021;5495,09;5559,00;5478,99;5552,96;1,679324606E11;3059497
WDOFUT;12/11/2021;5454,34;5519,75;5444,78;5511,70;1,59586715E11;2930658
WDOFUT;11/11/2021;5536,86;5539,37;5440,25;5447,80;1,568331061E11;2884489
WDOFUT;10/11/2021;5559,00;5565,03;5488,55;5545,41;1,961715008E11;3571239
WDOFUT;09/11/2021;5605,79;5606,80;5510,69;5534,34;1,704699192E11;3089359
WDOFUT;08/11/2021;5616,86;5656,61;5594,22;5605,79;1,390134491E11;2488834
WDOFUT;05/11/2021;5659,63;5668,69;5562,52;5600,76;1,637671381E11;2939719
WDOFUT;04/11/2021;5631,96;5690,32;5625,41;5666,67;1,754682442E11;3118253
WDOFUT;03/11/2021;5739,13;5764,29;5608,81;5617,87;2,117365913E11;3733071
WDOFUT;01/11/2021;5694,35;5755,23;5688,31;5750,70;1,302086393E11;2286122
WDOFUT;29/10/2021;5705,92;5731,58;5664,66;5700,89;1,94843502E11;3435992
WDOFUT;28/10/2021;5625,36;5736,23;5621,31;5716,99;2,136233461E11;3805627
WDOFUT;27/10/2021;5642,57;5665,86;5608,66;5609,67;1,967929348E11;3534623
WDOFUT;26/10/2021;5627,39;5681,55;5621,82;5640,55;1,776589543E11;3184567
WDOFUT;25/10/2021;5731,67;5737,75;5612,20;5632,45;1,916858814E11;3425757
WDOFUT;22/10/2021;5761,03;5833,93;5699,27;5728,13;2,543961666E11;4459868
WDOFUT;21/10/2021;5742,30;5770,15;5699,78;5737,75;2,171375447E11;3835940
WDOFUT;20/10/2021;5661,81;5681,55;5598,53;5676,49;2,025695262E11;3637899
WDOFUT;19/10/2021;5624,35;5693,20;5615,74;5665,35;2,390602392E11;4286278
WDOFUT;18/10/2021;5548,41;5623,84;5544,87;5592,96;1,807154046E11;3268948
WDOFUT;15/10/2021;5569,67;5588,91;5515,00;5543,35;1,873542929E11;3420597
WDOFUT;14/10/2021;5555,50;5614,22;5548,92;5596,51;1,747275985E11;3167577
WDOFUT;13/10/2021;5601,57;5658,77;5583,34;5599,54;2,14024032E11;3854733
WDOFUT;11/10/2021;5585,87;5630,93;5577,77;5623,84;1,126516993E11;2035540
WDOFUT;08/10/2021;5587,90;5618,78;5562,59;5598,53;1,757420466E11;3179471
WDOFUT;07/10/2021;5560,06;5616,76;5556,01;5607,64;1,810816548E11;3277311
WDOFUT;06/10/2021;5604,10;5627,39;5564,61;5581,32;1,98345364E11;3588419
WDOFUT;05/10/2021;5518,04;5579,29;5514,49;5569,67;1,638409321E11;2989551
WDOFUT;04/10/2021;5476,02;5550,44;5462,86;5549,42;1,520123342E11;2791725
WDOFUT;01/10/2021;5510,44;5524,11;5443,11;5454,25;1,703267175E11;3148418
WDOFUT;30/09/2021;5499,31;5568,66;5459,82;5535,76;2,224889649E11;4076780
WDOFUT;29/09/2021;5501,83;5539,45;5481,49;5504,37;1,798895334E11;3315710
WDOFUT;28/09/2021;5500,30;5546,57;5482,50;5523,18;1,939446794E11;3576648
WDOFUT;27/09/2021;5416,40;5490,64;5401,66;5487,08;1,8155501E11;3390161
WDOFUT;24/09/2021;5410,30;5450,98;5410,30;5433,69;1,31372319E11;2457778
WDOFUT;23/09/2021;5357,42;5408,77;5352,33;5401,66;1,477327723E11;2788657
WDOFUT;22/09/2021;5351,31;5417,42;5346,74;5388,43;1,644538021E11;3109224
WDOFUT;21/09/2021;5410,81;5436,74;5360,98;5367,08;1,700514967E11;3202373
WDOFUT;20/09/2021;5421,49;5478,95;5406,23;5426,57;1,809620393E11;3385159
WDOFUT;17/09/2021;5355,89;5448,94;5350,81;5387,42;1,938142687E11;3647560
WDOFUT;16/09/2021;5339,11;5381,82;5332,50;5354,37;1,470602668E11;2789691
WDOFUT;15/09/2021;5344,20;5374,20;5315,72;5330,47;1,733248424E11;3291415
WDOFUT;14/09/2021;5339,11;5367,59;5300,97;5352,33;1,652686075E11;3150910
WDOFUT;13/09/2021;5342,16;5346,23;5304,53;5322,33;1,598337865E11;3051998
WDOFUT;10/09/2021;5266,91;5376,74;5261,82;5357,42;1,763458239E11;3365200
WDOFUT;09/09/2021;5412,33;5442,33;5298,94;5315,21;2,416410194E11;4558324
WDOFUT;08/09/2021;5299,96;5442,33;5298,94;5425,55;2,152382776E11;4073282
WDOFUT;06/09/2021;5295,89;5319,28;5260,80;5277,08;8,869019484E10;1705676
WDOFUT;03/09/2021;5280,64;5308,60;5237,41;5305,55;1,676312976E11;3228992
WDOFUT;02/09/2021;5282,16;5308,60;5249,11;5290,30;1,876880622E11;3613807
WDOFUT;01/09/2021;5264,87;5307,58;5250,13;5295,89;1,678667048E11;3238019
WDOFUT;31/08/2021;5295,38;5308,60;5225,21;5259,79;1,71744026E11;3317015
WDOFUT;30/08/2021;5312,23;5340,32;5292,82;5296,91;1,440539584E11;2770032
WDOFUT;27/08/2021;5371,99;5377,10;5300,99;5318,36;1,677587544E11;3212529
WDOFUT;26/08/2021;5340,83;5384,25;5332,15;5380,68;1,524295959E11;2904541
WDOFUT;25/08/2021;5385,27;5388,85;5322,96;5330,62;1,831120237E11;3489560
WDOFUT;24/08/2021;5484,37;5486,92;5364,33;5369,95;1,908230904E11;3600540
WDOFUT;23/08/2021;5487,94;5525,23;5467,00;5503,27;1,769635081E11;3288446
WDOFUT;20/08/2021;5567,63;5601,34;5488,96;5499,69;1,823449685E11;3356935
WDOFUT;19/08/2021;5543,62;5582,44;5503,78;5538,51;2,363387024E11;4356393
WDOFUT;18/08/2021;5409,28;5524,21;5385,27;5516,04;2,234277125E11;4191536
WDOFUT;17/08/2021;5405,71;5428,69;5359,22;5421,54;2,199641647E11;4166055
WDOFUT;16/08/2021;5400,09;5423,58;5353,09;5384,76;1,77774838E11;3373880
WDOFUT;13/08/2021;5368,42;5408,26;5345,43;5375,57;1,784598702E11;3393382
WDOFUT;12/08/2021;5345,94;5388,85;5335,22;5380,68;1,735858595E11;3306718
WDOFUT;11/08/2021;5322,96;5362,29;5289,76;5355,65;1,983312389E11;3800161
WDOFUT;10/08/2021;5365,35;5392,42;5312,74;5317,34;2,160713952E11;4123678
WDOFUT;09/08/2021;5358,20;5429,71;5343,39;5363,31;2,063000811E11;3912031
WDOFUT;06/08/2021;5362,29;5406,73;5334,71;5361,78;1,942034317E11;3694918
WDOFUT;05/08/2021;5253,49;5390,38;5239,19;5382,72;2,216615931E11;4276243
WDOFUT;04/08/2021;5316,32;5378,63;5295,89;5300,48;2,005551202E11;3841114
WDOFUT;03/08/2021;5298,95;5408,26;5294,86;5331,64;2,086887565E11;3974805
WDOFUT;02/08/2021;5322,45;5352,07;5244,81;5302,53;1,788312661E11;3461633
WDOFUT;30/07/2021;5208,54;5362,80;5208,54;5346,96;1,690234315E11;3271713
WDOFUT;29/07/2021;5218,79;5223,40;5171,60;5211,09;1,607223831E11;3169720
WDOFUT;28/07/2021;5307,01;5328,55;5238,28;5252,64;1,940330873E11;3764757
WDOFUT;27/07/2021;5330,09;5342,91;5284,95;5305,47;1,681028631E11;3247191
WDOFUT;26/07/2021;5329,06;5368,55;5287,52;5313,67;1,617282915E11;3116322
WDOFUT;23/07/2021;5336,76;5372,15;5295,72;5339,32;1,594420851E11;3072609
WDOFUT;22/07/2021;5321,88;5364,96;5306,49;5342,91;1,847188147E11;3549098
WDOFUT;21/07/2021;5373,68;5419,85;5320,34;5327,01;2,000604344E11;3816591
WDOFUT;20/07/2021;5382,92;5438,31;5342,91;5363,43;1,95722962E11;3727512
WDOFUT;19/07/2021;5298,29;5400,87;5292,13;5393,69;1,960487307E11;3760131
WDOFUT;16/07/2021;5245,97;5267,51;5213,15;5255,20;1,789231629E11;3502156
WDOFUT;15/07/2021;5224,94;5280,34;5192,63;5255,20;1,853068542E11;3626424
WDOFUT;14/07/2021;5296,24;5300,85;5207,50;5213,15;1,844103736E11;3613359
WDOFUT;13/07/2021;5323,42;5368,55;5291,62;5307,52;1,96264737E11;3782063
WDOFUT;12/07/2021;5402,41;5433,18;5308,55;5316,75;1,833461492E11;3504798
WDOFUT;08/07/2021;5426,51;5464,47;5367,02;5408,05;2,136964249E11;4047772
WDOFUT;07/07/2021;5328,04;5431,64;5317,26;5381,89;2,325025093E11;4433952
WDOFUT;06/07/2021;5223,40;5366,50;5221,35;5347,01;1,994683175E11;3853877
WDOFUT;05/07/2021;5200,84;5246,48;5193,14;5238,28;1,072715985E11;2108215
WDOFUT;02/07/2021;5181,35;5219,81;5130,57;5205,45;1,680544306E11;3329917
WDOFUT;01/07/2021;5107,49;5200,84;5090,05;5192,12;1,797089941E11;3578796
WDOFUT;30/06/2021;5105,44;5170,06;5095,69;5115,69;1,588314801E11;3170453
WDOFUT;29/06/2021;5084,37;5113,68;5062,77;5098,26;1,383411926E11;2797965
WDOFUT;28/06/2021;5092,60;5115,74;5059,68;5069,97;1,49493618E11;3022551
WDOFUT;25/06/2021;5057,11;5119,34;5035,51;5077,68;1,706212764E11;3460364
WDOFUT;24/06/2021;5110,60;5112,66;5040,65;5059,17;1,725898114E11;3502303
WDOFUT;23/06/2021;5108,54;5126,03;5081,80;5112,14;1,92518403E11;3878960
WDOFUT;22/06/2021;5162,54;5194,43;5102,88;5102,88;1,945151799E11;3879123
WDOFUT;21/06/2021;5223,74;5233,00;5161,51;5162,54;1,350302188E11;2676346
WDOFUT;18/06/2021;5156,89;5261,80;5130,66;5241,23;2,14055928E11;4244395
WDOFUT;17/06/2021;5220,14;5228,89;5156,89;5156,89;1,775826396E11;3520795
WDOFUT;16/06/2021;5205,74;5235,06;5144,03;5207,80;2,177034108E11;4316984
WDOFUT;15/06/2021;5218,09;5259,75;5191,86;5195,46;1,693758203E11;3332783
WDOFUT;14/06/2021;5261,29;5267,46;5209,34;5215,00;1,352337862E11;2658309
WDOFUT;11/06/2021;5204,72;5296,26;5204,20;5275,69;1,45684688E11;2845555
WDOFUT;10/06/2021;5217,57;5247,92;5186,71;5211,40;1,704664029E11;3362174
WDOFUT;09/06/2021;5180,03;5242,26;5173,86;5219,63;1,624686474E11;3207857
WDOFUT;08/06/2021;5199,57;5225,29;5176,94;5191,86;1,597776053E11;3161290
WDOFUT;07/06/2021;5196,49;5227,34;5173,86;5212,94;1,63318178E11;3229509
WDOFUT;04/06/2021;5268,49;5270,55;5188,77;5204,72;1,622553485E11;3195649
WDOFUT;02/06/2021;5317,86;5335,86;5225,29;5234,03;2,172988984E11;4239738
WDOFUT;01/06/2021;5362,61;5371,35;5301,40;5312,20;1,676255704E11;3236537
WDOFUT;31/05/2021;5392,95;5427,92;5361,58;5382,15;1,162605622E11;2216540
WDOFUT;28/05/2021;5427,00;5430,10;5377,46;5395,01;1,204815662E11;2303999
WDOFUT;27/05/2021;5477,58;5484,29;5404,81;5406,36;1,881365765E11;3566599
WDOFUT;26/05/2021;5497,70;5515,77;5459,52;5485,32;1,550998621E11;2917204
WDOFUT;25/05/2021;5484,80;5521,96;5467,26;5504,93;1,493743207E11;2808990
WDOFUT;24/05/2021;5537,44;5551,38;5484,80;5491,51;1,300582038E11;2440472
WDOFUT;21/05/2021;5460,03;5548,28;5445,07;5540,02;1,66368652E11;3127684
WDOFUT;20/05/2021;5480,67;5483,25;5444,55;5459,52;1,393988095E11;2633586
WDOFUT;19/05/2021;5462,61;5502,87;5434,23;5488,93;1,798122732E11;3395435
WDOFUT;18/05/2021;5439,39;5457,45;5405,33;5436,29;1,721900491E11;3271549
WDOFUT;17/05/2021;5465,19;5498,22;5421,33;5453,32;1,611428906E11;3047674
WDOFUT;14/05/2021;5465,19;5475,00;5421,33;5449,71;1,58708789E11;3007075
WDOFUT;13/05/2021;5482,22;5512,67;5430,10;5485,32;2,093181856E11;3949919
WDOFUT;12/05/2021;5412,04;5499,25;5387,27;5486,87;2,169865204E11;4124919
WDOFUT;11/05/2021;5416,17;5461,06;5380,04;5399,65;1,860757585E11;3545592
WDOFUT;10/05/2021;5417,20;5431,13;5373,85;5402,23;1,773875831E11;3387709
WDOFUT;07/05/2021;5462,61;5476,03;5381,59;5418,23;1,859218489E11;3543529
WDOFUT;06/05/2021;5530,22;5559,63;5438,36;5460,55;2,094648156E11;3941353
WDOFUT;05/05/2021;5625,69;5632,91;5535,89;5537,96;1,806384797E11;3344435
WDOFUT;04/05/2021;5649,95;5673,17;5598,34;5634,98;1,821038372E11;3336155
WDOFUT;03/05/2021;5602,47;5644,27;5559,63;5628,79;1,824083846E11;3358722
WDOFUT;30/04/2021;5541,57;5636,53;5519,90;5627,75;1,819932658E11;3360342
WDOFUT;29/04/2021;5530,75;5561,24;5504,91;5519,38;1,754862522E11;3273047
WDOFUT;28/04/2021;5636,70;5641,87;5524,55;5526,10;2,13725156E11;3957221
WDOFUT;27/04/2021;5624,30;5653,24;5594,32;5636,70;1,892885711E11;3477617
WDOFUT;26/04/2021;5641,87;5677,02;5618,10;5623,26;1,673138777E11;3065337
WDOFUT;23/04/2021;5615,00;5712,16;5609,83;5662,03;1,796579429E11;3279051
WDOFUT;22/04/2021;5745,24;5750,93;5624,30;5631,53;2,233971922E11;4067590
WDOFUT;20/04/2021;5758,68;5780,39;5692,01;5760,23;1,989520121E11;3590122
WDOFUT;19/04/2021;5763,33;5815,53;5717,85;5735,94;2,001271751E11;3589969
WDOFUT;16/04/2021;5809,33;5873,42;5758,68;5779,87;1,854231308E11;3296260
WDOFUT;15/04/2021;5849,64;5859,46;5790,21;5811,40;1,809957779E11;3216143
WDOFUT;14/04/2021;5900,29;5934,92;5841,89;5852,74;2,061475308E11;3619466
WDOFUT;13/04/2021;5933,89;5957,15;5859,98;5915,80;2,140365175E11;3745827
WDOFUT;12/04/2021;5875,48;5942,67;5827,42;5936,47;1,756463093E11;3088379
WDOFUT;09/04/2021;5793,82;5888,92;5788,66;5888,92;1,639971118E11;2899799
WDOFUT;08/04/2021;5804,16;5814,50;5732,84;5766,43;1,757777613E11;3145805
WDOFUT;07/04/2021;5785,55;5853,78;5743,69;5815,01;1,967778734E11;3510214
WDOFUT;06/04/2021;5866,18;5869,80;5771,08;5788,14;1,681884313E11;2987479
WDOFUT;05/04/2021;5869,80;5884,27;5832,07;5863,08;1,511574536E11;2665972
WDOFUT;01/04/2021;5824,83;5930,27;5805,71;5911,15;1,562847251E11;2745472
WDOFUT;31/03/2021;5967,48;5972,65;5820,18;5831,04;1,967377251E11;3454863
WDOFUT;30/03/2021;5988,69;6009,40;5924,50;5978,34;1,785695488E11;3099376
WDOFUT;29/03/2021;5971,09;6011,99;5940,03;5987,66;1,735191761E11;3004080
WDOFUT;26/03/2021;5854,09;5962,81;5845,29;5960,74;1,73822857E11;3041981
WDOFUT;25/03/2021;5826,65;5884,63;5818,37;5850,98;1,988849024E11;3518616
WDOFUT;24/03/2021;5704,99;5843,74;5686,87;5827,17;2,108037932E11;3792318
WDOFUT;23/03/2021;5738,13;5749,52;5660,47;5723,11;1,993187564E11;3618946
WDOFUT;22/03/2021;5704,99;5745,89;5691,53;5709,14;1,542795799E11;2792616
WDOFUT;19/03/2021;5725,70;5749,52;5644,42;5686,36;1,913281706E11;3477855
WDOFUT;18/03/2021;5702,92;5781,61;5673,93;5761,94;1,9910664E11;3590103
WDOFUT;17/03/2021;5865,48;5887,22;5770,22;5783,68;1,79742622E11;3186900
WDOFUT;16/03/2021;5830,28;5838,56;5758,83;5827,17;1,835039132E11;3279675
WDOFUT;15/03/2021;5756,76;5860,82;5732,43;5819,92;1,957451483E11;3483879
WDOFUT;12/03/2021;5774,88;5784,20;5746,41;5753,14;1,445456771E11;2595323
WDOFUT;11/03/2021;5793,00;5826,13;5727,77;5738,64;1,855422814E11;3324160
WDOFUT;10/03/2021;6006,81;6025,45;5849,43;5879,46;2,314162933E11;4035018
WDOFUT;09/03/2021;6046,67;6088,09;5978,34;6013,54;2,118458344E11;3633496
WDOFUT;08/03/2021;5943,13;6090,68;5912,07;6090,68;2,067567696E11;3592585
WDOFUT;05/03/2021;5884,12;5929,67;5857,71;5898,61;1,66877561E11;2931345
WDOFUT;04/03/2021;5788,86;5891,36;5746,41;5875,83;2,377459064E11;4234743
WDOFUT;03/03/2021;5894,99;5984,03;5784,20;5820,96;2,257629106E11;3943485
WDOFUT;02/03/2021;5873,76;5943,65;5848,40;5887,22;2,111419362E11;3707584
WDOFUT;01/03/2021;5790,93;5849,95;5759,87;5847,36;1,740020132E11;3109610
WDOFUT;26/02/2021;5732,43;5826,65;5692,05;5808,53;1,928587702E11;3471869
WDOFUT;25/02/2021;5633,47;5742,27;5614,82;5736,06;2,426922112E11;4429427
WDOFUT;24/02/2021;5613,78;5641,24;5586,32;5600,83;1,796267597E11;3313465
WDOFUT;23/02/2021;5650,05;5683,21;5604,97;5639,69;2,000188923E11;3672162
WDOFUT;22/02/2021;5709,63;5736,06;5629,84;5665,07;1,994637455E11;3631293
WDOFUT;19/02/2021;5660,41;5670,26;5564,56;5578,03;1,943811417E11;3596534
WDOFUT;18/02/2021;5587,87;5653,16;5583,73;5628,29;1,733542157E11;3194668
WDOFUT;17/02/2021;5625,70;5632,43;5587,36;5610,15;8,650754877E10;1597930
WDOFUT;12/02/2021;5600,83;5611,19;5551,09;5567,67;1,624519825E11;3016168
WDOFUT;11/02/2021;5568,70;5610,15;5529,85;5565,08;1,815880351E11;3379439
WDOFUT;10/02/2021;5578,03;5636,58;5545,91;5586,32;1,950825329E11;3616370
WDOFUT;09/02/2021;5558,34;5647,98;5548,50;5578,03;2,087505591E11;3861567
WDOFUT;08/02/2021;5595,65;5620,52;5500,31;5565,60;2,061969262E11;3840539
WDOFUT;05/02/2021;5608,08;5656,78;5541,24;5569,74;1,892344261E11;3508347
WDOFUT;04/02/2021;5569,74;5657,82;5553,16;5626,73;1,867084384E11;3453247
WDOFUT;03/02/2021;5560,41;5593,06;5516,37;5550,57;1,929952295E11;3602273
WDOFUT;02/02/2021;5596,16;5620,52;5540,21;5566,11;1,853939049E11;3444405
WDOFUT;01/02/2021;5634,51;5687,87;5618,44;5632,43;1,72783455E11;3165635
WDOFUT;29/01/2021;5618,44;5708,60;5617,41;5663,52;1,850540452E11;3380521
WDOFUT;28/01/2021;5630,87;5667,16;5590,43;5643,31;2,100793956E11;3871664
WDOFUT;27/01/2021;5570,21;5620,50;5547,91;5615,31;2,261278728E11;4196543
WDOFUT;26/01/2021;5673,39;5681,68;5510,06;5554,13;2,193190011E11;4071849
WDOFUT;22/01/2021;5604,94;5692,05;5596,13;5671,83;1,672545029E11;3073426
WDOFUT;21/01/2021;5443,17;5601,32;5426,06;5551,02;2,033875713E11;3817467
WDOFUT;20/01/2021;5535,47;5556,21;5479,47;5489,84;1,778637623E11;3347727
WDOFUT;19/01/2021;5465,47;5569,69;5435,91;5560,87;1,884525591E11;3549781
WDOFUT;18/01/2021;5510,06;5521,47;5431,77;5498,13;1,511048473E11;2858924
WDOFUT;15/01/2021;5437,99;5509,02;5419,32;5490,36;1,799952678E11;3414555
WDOFUT;14/01/2021;5492,95;5501,25;5386,14;5391,32;1,935816187E11;3688306
WDOFUT;13/01/2021;5549,47;5556,21;5468,58;5499,17;2,180924382E11;4102363
WDOFUT;12/01/2021;5677,53;5701,38;5512,13;5526,65;2,14863174E11;3959501
WDOFUT;11/01/2021;5658,87;5724,20;5654,72;5692,05;1,939071054E11;3528252
WDOFUT;08/01/2021;5586,80;5645,91;5522,50;5623,09;2,124116707E11;3945023
WDOFUT;07/01/2021;5543,24;5624,13;5499,69;5621,54;2,130556387E11;3971136
WDOFUT;06/01/2021;5467,54;5562,43;5430,73;5518,87;2,346523102E11;4425607
WDOFUT;05/01/2021;5486,21;5556,72;5451,47;5490,88;2,080242824E11;3915982
WDOFUT;04/01/2021;5320,81;5498,65;5311,48;5498,65;1,986758328E11;3816894
WDOFUT;30/12/2020;5380,95;5431,25;5344,14;5394,95;1,210339977E11;2332094
WDOFUT;29/12/2020;5420,88;5440,58;5354,51;5407,40;1,613323783E11;3104727
WDOFUT;28/12/2020;5372,14;5508,00;5355,02;5432,29;1,917369899E11;3654587
WDOFUT;23/12/2020;5336,88;5413,62;5319,24;5413,62;1,437086573E11;2774156
WDOFUT;22/12/2020;5326,50;5363,32;5298,50;5350,88;1,42373175E11;2766173
WDOFUT;21/12/2020;5395,99;5418,29;5301,10;5308,36;1,69423442E11;3284221
WDOFUT;18/12/2020;5288,65;5306,28;5259,61;5291,24;1,393989981E11;2737305
WDOFUT;17/12/2020;5247,69;5275,17;5225,91;5245,09;1,453898933E11;2871336
WDOFUT;16/12/2020;5250,80;5333,76;5248,72;5271,54;1,665266885E11;3258669
WDOFUT;15/12/2020;5282,95;5315,10;5263,24;5273,09;1,521654212E11;2983949
WDOFUT;14/12/2020;5225,91;5321,32;5196,35;5307,32;1,794748769E11;3536346
WDOFUT;11/12/2020;5242,50;5277,76;5216,05;5258,57;1,559211637E11;3080117
WDOFUT;10/12/2020;5301,61;5323,39;5202,05;5213,98;2,000185019E11;3938305
WDOFUT;09/12/2020;5289,69;5390,80;5275,69;5364,36;1,843203966E11;3589548
WDOFUT;08/12/2020;5311,47;5330,13;5250,80;5309,91;1,845312262E11;3616591
WDOFUT;07/12/2020;5361,77;5361,77;5245,09;5288,65;2,018884807E11;3956282
WDOFUT;04/12/2020;5339,99;5376,80;5306,28;5350,36;1,682620925E11;3264802
WDOFUT;03/12/2020;5415,69;5425,55;5311,98;5344,65;1,902792113E11;3684898
WDOFUT;02/12/2020;5419,84;5450,44;5399,62;5413,62;1,690524925E11;3229917
WDOFUT;01/12/2020;5514,22;5528,22;5396,51;5401,69;1,957300741E11;3712255
WDOFUT;30/11/2020;5497,62;5598,22;5471,18;5532,89;1,660676479E11;3110485
WDOFUT;27/11/2020;5524,60;5575,38;5513,20;5542,22;1,299832001E11;2431112
WDOFUT;26/11/2020;5539,63;5553,10;5488,33;5530,82;1,104509684E11;2073682
WDOFUT;25/11/2020;5587,82;5594,55;5497,66;5515,28;1,669931891E11;3127106
WDOFUT;24/11/2020;5615,80;5626,16;5566,05;5569,68;1,695477151E11;3142575
WDOFUT;23/11/2020;5550,51;5649,48;5533,93;5639,63;2,147803505E11;3974729
WDOFUT;20/11/2020;5482,11;5593,52;5481,08;5576,94;1,599378787E11;2985691
WDOFUT;19/11/2020;5578,49;5581,60;5492,99;5500,77;1,801387511E11;3378190
WDOFUT;18/11/2020;5526,67;5570,20;5468,64;5559,84;2,024018948E11;3808505
WDOFUT;17/11/2020;5587,82;5622,53;5518,38;5529,27;2,120466408E11;3944045
WDOFUT;16/11/2020;5628,23;5658,29;5561,91;5617,87;1,986490296E11;3665591
WDOFUT;13/11/2020;5653,62;5730,31;5648,44;5659,84;1,694974021E11;3089161
WDOFUT;12/11/2020;5596,11;5693,52;5551,55;5661,40;1,971002597E11;3634432
WDOFUT;11/11/2020;5609,06;5659,32;5573,31;5591,96;2,031067063E11;3750638
WDOFUT;10/11/2020;5585,74;5620,46;5532,89;5615,28;2,411758219E11;4482619
WDOFUT;09/11/2020;5475,38;5626,68;5417,86;5585,74;2,934678405E11;5511945
WDOFUT;06/11/2020;5720,47;5780,57;5557,76;5565,02;2,189239686E11;3985269
WDOFUT;05/11/2020;5818,92;5840,16;5726,68;5730,31;1,945838928E11;3491681
WDOFUT;04/11/2020;5977,47;5977,47;5853,63;5861,92;1,984028598E11;3484821
WDOFUT;03/11/2020;5912,18;5981,62;5859,33;5970,22;1,838456533E11;3216402
WDOFUT;30/10/2020;5991,98;6025,14;5936,54;5972,29;1,770812973E11;3068673
WDOFUT;29/10/2020;5991,98;5999,23;5950,55;5990,94;1,802671304E11;3122707
WDOFUT;28/10/2020;5938,64;6000,27;5907,05;5954,69;2,507688399E11;4367433
WDOFUT;27/10/2020;5811,24;5916,89;5800,88;5913,78;1,616777511E11;2860477
WDOFUT;26/10/2020;5848,52;5867,17;5812,79;5825,74;1,610606895E11;2859229
WDOFUT;23/10/2020;5775,50;5838,17;5766,18;5822,63;1,472129843E11;2624839
WDOFUT;22/10/2020;5816,93;5829,36;5763,07;5801,40;1,734477901E11;3101563
WDOFUT;21/10/2020;5801,91;5831,43;5771,88;5810,72;1,884878541E11;3365846
WDOFUT;20/10/2020;5807,61;5830,40;5748,57;5810,20;1,820055461E11;3257250
WDOFUT;19/10/2020;5823,15;5838,68;5768,25;5811,75;1,755536121E11;3133083
WDOFUT;16/10/2020;5810,72;5859,40;5800,88;5849,56;1,490128447E11;2645893
WDOFUT;15/10/2020;5834,54;5853,19;5792,07;5816,93;1,715294471E11;3052856
WDOFUT;14/10/2020;5795,70;5808,65;5736,14;5797,25;1,585060831E11;2843235
WDOFUT;13/10/2020;5725,27;5830,92;5721,12;5764,63;1,920716031E11;3441277
WDOFUT;09/10/2020;5784,82;5787,41;5711,80;5740,29;1,604289822E11;2893577
WDOFUT;08/10/2020;5795,70;5853,70;5781,20;5805,02;1,907223453E11;3397189
WDOFUT;07/10/2020;5764,11;5845,94;5753,75;5815,90;2,29818959E11;4102249
WDOFUT;06/10/2020;5741,32;5823,15;5683,84;5795,70;2,290464531E11;4128407
WDOFUT;05/10/2020;5862,51;5885,29;5754,79;5779,65;1,881260111E11;3347347
WDOFUT;02/10/2020;5863,03;5901,35;5812,27;5894,10;2,052653839E11;3631592
WDOFUT;01/10/2020;5777,57;5871,83;5777,06;5848,52;1,7422617E11;3088132
WDOFUT;30/09/2020;5833,51;5872,87;5790,52;5816,93;1,953507015E11;3465852
WDOFUT;29/09/2020;5848,01;5882,19;5806,06;5836,61;2,16993347E11;3846381
WDOFUT;28/09/2020;5717,50;5877,53;5715,95;5861,99;2,08573659E11;3723035
WDOFUT;25/09/2020;5739,77;5788,45;5733,04;5761,00;1,789345075E11;3216900
WDOFUT;24/09/2020;5790,52;5825,74;5690,57;5706,11;2,206256758E11;3968269
WDOFUT;23/09/2020;5705,59;5799,84;5686,43;5794,66;1,888300206E11;3408856
WDOFUT;22/09/2020;5620,65;5693,68;5576,11;5667,78;2,166931364E11;3984480
WDOFUT;21/09/2020;5647,07;5695,23;5581,81;5612,37;2,143664166E11;3942620
WDOFUT;18/09/2020;5442,50;5594,24;5433,18;5584,40;1,816970688E11;3417401
WDOFUT;17/09/2020;5458,55;5482,38;5416,09;5426,96;1,556364737E11;2958860
WDOFUT;16/09/2020;5438,87;5464,77;5399,51;5427,48;1,710913033E11;3260820
WDOFUT;15/09/2020;5426,96;5493,25;5409,87;5466,84;1,683453184E11;3193804
WDOFUT;14/09/2020;5497,91;5517,08;5453,89;5461,66;1,44147502E11;2720813
WDOFUT;11/09/2020;5487,04;5544,52;5451,30;5510,86;1,594843459E11;3007280
WDOFUT;10/09/2020;5496,88;5526,92;5461,14;5515,52;1,747550335E11;3295964
WDOFUT;09/09/2020;5537,27;5537,79;5470,98;5502,57;1,443272183E11;2720470
WDOFUT;08/09/2020;5555,92;5607,19;5509,83;5557,99;1,703295766E11;3171907
WDOFUT;04/09/2020;5497,40;5523,29;5438,87;5492,73;1,720257983E11;3248421
WDOFUT;03/09/2020;5567,31;5572,49;5466,32;5487,56;1,933424877E11;3637859
WDOFUT;02/09/2020;5610,81;5630,49;5537,27;5537,79;1,836053076E11;3414163
WDOFUT;01/09/2020;5647,58;5655,35;5531,58;5600,97;1,950421245E11;3619544
WDOFUT;31/08/2020;5609,26;5696,78;5600,46;5694,71;1,400507265E11;2561348
WDOFUT;28/08/2020;5717,57;5727,94;5582,33;5586,47;1,797840075E11;3294361
WDOFUT;27/08/2020;5802,03;5826,91;5746,59;5774,05;1,942549568E11;3477424
WDOFUT;26/08/2020;5732,08;5839,34;5726,90;5816,03;1,889000105E11;3385664
WDOFUT;25/08/2020;5788,04;5819,13;5706,69;5710,32;1,801399016E11;3232194
WDOFUT;24/08/2020;5783,38;5821,21;5762,65;5820,17;1,463541402E11;2615989
WDOFUT;21/08/2020;5766,80;5839,86;5759,54;5829,50;1,690984106E11;3017291
WDOFUT;20/08/2020;5819,13;5880,80;5741,93;5764,73;2,28755531E11;4070533
WDOFUT;19/08/2020;5649,17;5766,28;5634,66;5765,76;1,738951503E11;3164656
WDOFUT;18/08/2020;5644,51;5719,13;5620,15;5665,75;1,850058868E11;3383696
WDOFUT;17/08/2020;5639,85;5717,57;5608,24;5712,91;1,609621391E11;2944719
WDOFUT;14/08/2020;5598,39;5642,95;5556,94;5623,26;1,604476635E11;2967260
WDOFUT;13/08/2020;5616,01;5624,30;5548,13;5570,41;1,804245257E11;3351147
WDOFUT;12/08/2020;5603,05;5696,33;5599,95;5637,77;2,043968504E11;3746346
WDOFUT;11/08/2020;5641,40;5666,79;5571,45;5581,29;2,313170357E11;4265649
WDOFUT;10/08/2020;5631,55;5696,33;5551,24;5685,96;1,831681509E11;3381443
WDOFUT;07/08/2020;5544,50;5642,95;5539,32;5641,40;1,706938611E11;3152253
WDOFUT;06/08/2020;5540,35;5572,48;5517,56;5528,96;1,646748619E11;3077309
WDOFUT;05/08/2020;5445,01;5519,11;5428,43;5492,16;1,703315323E11;3223281
WDOFUT;04/08/2020;5546,57;5578,18;5471,96;5480,25;1,859411452E11;3487402
WDOFUT;03/08/2020;5425,84;5536,21;5406,15;5523,26;1,621409465E11;3055173
WDOFUT;31/07/2020;5378,17;5425,84;5356,40;5421,69;1,414551994E11;2716992
WDOFUT;30/07/2020;5397,38;5410,86;5336,19;5345,52;1,623990376E11;3136956
WDOFUT;29/07/2020;5335,15;5377,15;5306,11;5364,71;1,626551193E11;3158724
WDOFUT;28/07/2020;5379,23;5397,90;5327,37;5356,93;1,521041149E11;2940364
WDOFUT;27/07/2020;5387,01;5419,16;5333,59;5341,37;1,607730159E11;3101650
WDOFUT;24/07/2020;5418,64;5449,75;5352,78;5430,57;1,945558378E11;3735944
WDOFUT;23/07/2020;5329,44;5421,75;5315,96;5406,19;2,045281285E11;3951609
WDOFUT;22/07/2020;5371,45;5398,42;5273,96;5314,41;1,797321774E11;3506914
WDOFUT;21/07/2020;5503,69;5510,95;5360,04;5365,74;2,111240061E11;4043684
WDOFUT;20/07/2020;5570,58;5594,44;5529,10;5534,28;1,478586312E11;2758752
WDOFUT;17/07/2020;5531,69;5595,99;5517,17;5595,48;1,469798614E11;2743245
WDOFUT;16/07/2020;5584,59;5597,55;5508,35;5534,28;1,843057367E11;3446394
WDOFUT;15/07/2020;5516,65;5594,96;5492,80;5569,55;1,912011127E11;3573498
WDOFUT;14/07/2020;5591,85;5661,34;5533,25;5573,18;2,274062332E11;4210966
WDOFUT;13/07/2020;5516,65;5615,70;5511,47;5610,00;1,68391129E11;3140441
WDOFUT;10/07/2020;5572,14;5600,14;5515,10;5527,54;1,782894694E11;3331902
WDOFUT;09/07/2020;5536,36;5584,07;5446,64;5546,73;1,990733119E11;3744271
WDOFUT;08/07/2020;5566,95;5600,14;5521,84;5541,54;1,992444955E11;3717295
WDOFUT;07/07/2020;5594,96;5608,96;5492,28;5580,96;2,096040169E11;3916318
WDOFUT;06/07/2020;5472,57;5567,99;5463,76;5563,84;1,659419411E11;3118845
WDOFUT;03/07/2020;5551,91;5587,70;5509,91;5515,61;1,017281925E11;1903837
WDOFUT;02/07/2020;5481,39;5583,55;5469,46;5571,10;1,926798638E11;3620336
WDOFUT;01/07/2020;5666,00;5686,23;5502,65;5521,84;1,682355632E11;3129450
WDOFUT;30/06/2020;5632,81;5718,90;5612,07;5668,60;1,592369888E11;2913458
WDOFUT;29/06/2020;5671,79;5684,26;5598,56;5614,66;1,875871185E11;3451716
WDOFUT;26/06/2020;5586,62;5706,07;5575,71;5697,24;1,87388644E11;3437717
WDOFUT;25/06/2020;5585,06;5597,52;5471,84;5572,60;2,142939144E11;4018710
WDOFUT;24/06/2020;5379,92;5562,73;5365,90;5559,09;2,115094397E11;4017992
WDOFUT;23/06/2020;5406,40;5430,81;5334,22;5356,55;1,63854693E11;3167369
WDOFUT;22/06/2020;5499,37;5504,56;5402,77;5458,86;1,794714432E11;3422510
WDOFUT;19/06/2020;5534,16;5592,33;5495,21;5522,22;2,077000656E11;3887789
WDOFUT;18/06/2020;5507,68;5599,60;5498,85;5592,85;1,889819856E11;3532200
WDOFUT;17/06/2020;5432,37;5479,63;5386,15;5431,33;2,013879269E11;3842158
WDOFUT;16/06/2020;5316,56;5461,97;5248,00;5452,11;2,340789336E11;4546598
WDOFUT;15/06/2020;5333,70;5431,33;5279,68;5352,91;2,166542724E11;4193779
WDOFUT;12/06/2020;5289,55;5313,96;5199,19;5251,12;2,131166079E11;4216240
WDOFUT;10/06/2020;5049,09;5176,33;5028,84;5174,26;1,998346745E11;4075493
WDOFUT;09/06/2020;5062,08;5132,19;5052,21;5095,84;1,68452716E11;3435943
WDOFUT;08/06/2020;5159,20;5174,26;5007,03;5007,03;1,798226993E11;3652590
WDOFUT;05/06/2020;5256,83;5282,80;5131,15;5164,39;1,728644291E11;3459788
WDOFUT;04/06/2020;5260,99;5348,24;5225,67;5323,31;2,098850264E11;4108208
WDOFUT;03/06/2020;5416,79;5423,54;5217,36;5269,30;1,997751797E11;3925063
WDOFUT;02/06/2020;5537,28;5552,86;5406,92;5412,12;1,752615866E11;3331557
WDOFUT;01/06/2020;5546,63;5635,44;5522,74;5581,94;1,799836616E11;3349523
WDOFUT;29/05/2020;5598,56;5681,14;5532,09;5553,38;1,793201509E11;3318950
WDOFUT;28/05/2020;5495,54;5630,77;5494,50;5625,57;1,60141207E11;3000459
WDOFUT;27/05/2020;5557,95;5576,68;5482,02;5486,70;1,706313311E11;3217280
WDOFUT;26/05/2020;5591,76;5620,37;5550,15;5570,44;1,583267253E11;2949335
WDOFUT;25/05/2020;5730,11;5754,04;5653,14;5664,06;1,147773487E11;2095293
WDOFUT;22/05/2020;5803,45;5853,90;5746,76;5757,68;1,820921407E11;3263560
WDOFUT;21/05/2020;5929,32;5938,16;5772,76;5781,08;1,801452078E11;3215288
WDOFUT;20/05/2020;5955,32;5987,57;5900,71;5924,64;1,606433693E11;2814942
WDOFUT;19/05/2020;5926,20;6003,69;5914,75;5993,81;1,630016725E11;2845463
WDOFUT;18/05/2020;6023,46;6042,18;5927,76;5955,32;1,514127892E11;2636431
WDOFUT;15/05/2020;6111,88;6121,24;5997,45;6096,79;1,695323502E11;2908033
WDOFUT;14/05/2020;6165,97;6217,98;6041,66;6056,75;1,925727907E11;3258487
WDOFUT;13/05/2020;6067,15;6188,85;6057,79;6125,92;1,667859126E11;2826369
WDOFUT;12/05/2020;5824,02;5926,45;5772,81;5918,91;1,594137514E11;2743149
WDOFUT;11/05/2020;5817,50;5871,72;5794,90;5848,62;1,362841213E11;2346323
WDOFUT;08/05/2020;5832,56;5860,17;5748,71;5775,32;1,477773611E11;2558962
WDOFUT;07/05/2020;5809,97;5908,87;5774,82;5870,72;1,632889687E11;2799464
WDOFUT;06/05/2020;5626,21;5756,24;5626,21;5750,72;1,164974301E11;2050988
WDOFUT;05/05/2020;5558,43;5636,75;5513,74;5611,14;1,404367291E11;2527610
WDOFUT;04/05/2020;5635,24;5645,29;5551,40;5577,00;1,271457866E11;2280571
WDOFUT;30/04/2020;5379,19;5521,78;5360,11;5518,76;1,1912779E11;2192622
WDOFUT;29/04/2020;5497,34;5558,16;5361,11;5363,12;1,509049764E11;2783478
WDOFUT;28/04/2020;5656,19;5661,21;5501,36;5527,50;1,584496605E11;2852915
WDOFUT;27/04/2020;5582,79;5759,24;5565,70;5687,85;1,334496542E11;2360514
WDOFUT;24/04/2020;5585,81;5781,86;5584,81;5618,99;1,73119949E11;3059469
WDOFUT;23/04/2020;5481,25;5589,83;5433,50;5568,72;1,450218841E11;2652872
WDOFUT;22/04/2020;5352,06;5497,84;5334,47;5492,81;1,231256861E11;2284484
WDOFUT;20/04/2020;5314,36;5352,06;5297,27;5347,54;9,241799021E10;1744287
WDOFUT;17/04/2020;5242,98;5308,83;5239,46;5269,12;9,516654752E10;1811753
WDOFUT;16/04/2020;5285,21;5301,29;5234,44;5269,62;1,06796227E11;2034985
WDOFUT;15/04/2020;5253,03;5302,30;5248,01;5274,65;9,768484761E10;1859467
WDOFUT;14/04/2020;5220,86;5246,00;5182,16;5199,75;1,002694201E11;1933437
WDOFUT;13/04/2020;5155,01;5242,48;5137,92;5235,94;1,011739532E11;1952478
WDOFUT;09/04/2020;5141,94;5187,18;5083,13;5141,44;1,054138757E11;2068817
WDOFUT;08/04/2020;5248,51;5283,70;5145,46;5152,50;1,077255235E11;2071956
WDOFUT;07/04/2020;5220,86;5287,22;5217,85;5258,56;1,078458227E11;2063876
WDOFUT;06/04/2020;5343,01;5348,04;5261,08;5322,91;1,038012143E11;1968767
WDOFUT;03/04/2020;5313,36;5394,29;5305,31;5392,78;8,454671325E10;1590900
WDOFUT;02/04/2020;5286,21;5322,40;5259,57;5293,75;9,702933821E10;1840863
WDOFUT;01/04/2020;5266,61;5311,85;5259,07;5288,72;9,851700218E10;1873845
WDOFUT;31/03/2020;5217,85;5251,53;5205,78;5241,98;9,603571119E10;1846154
WDOFUT;30/03/2020;5155,91;5233,43;5146,85;5231,92;9,134315061E10;1770538
WDOFUT;27/03/2020;5084,42;5162,95;5079,39;5137,28;1,085216601E11;2130794
WDOFUT;26/03/2020;5087,95;5101,04;5007,91;5057,74;1,14310459E11;2281557
WDOFUT;25/03/2020;5118,15;5145,34;5007,40;5071,33;1,143063032E11;2265504
WDOFUT;24/03/2020;5085,43;5143,32;5082,41;5138,79;1,112085045E11;2189284
WDOFUT;23/03/2020;5129,73;5185,10;5040,12;5183,59;1,038619653E11;2038563
WDOFUT;20/03/2020;5043,65;5104,06;5018,98;5102,04;1,019801354E11;2029817
WDOFUT;19/03/2020;5234,94;5260,62;5105,57;5132,25;1,030885809E11;2004939
WDOFUT;18/03/2020;5180,07;5295,85;5091,47;5142,82;1,180371174E11;2293468
WDOFUT;17/03/2020;5092,48;5123,69;4994,31;5045,16;9,42850608E10;1875432
WDOFUT;16/03/2020;5013,95;5115,63;4918,30;5030,06;8,596944694E10;1727322
WDOFUT;13/03/2020;4789,43;4919,31;4680,19;4867,96;7,386752848E10;1550938
WDOFUT;12/03/2020;5061,27;5068,31;4787,92;4833,73;6,81648097E10;1397623
WDOFUT;11/03/2020;4706,36;4883,56;4693,27;4864,43;8,333352922E10;1770346
WDOFUT;10/03/2020;4719,96;4743,11;4674,15;4685,22;7,37540442E10;1579088
WDOFUT;09/03/2020;4797,98;4831,71;4745,13;4765,26;8,302848411E10;1746407
WDOFUT;06/03/2020;4668,10;4710,39;4648,47;4666,59;7,581298108E10;1630534
WDOFUT;05/03/2020;4643,44;4706,36;4626,32;4648,47;9,195525483E10;1983336
WDOFUT;04/03/2020;4544,77;4629,34;4542,25;4626,83;7,714309364E10;1695481
WDOFUT;03/03/2020;4514,06;4556,85;4490,90;4555,34;8,896966645E10;1977504
WDOFUT;02/03/2020;4539,23;4545,27;4507,52;4513,05;6,982364324E10;1552547
WDOFUT;28/02/2020;4540,74;4553,33;4503,49;4527,65;8,775672458E10;1948726
WDOFUT;27/02/2020;4489,83;4541,27;4487,31;4526,65;9,349568075E10;2089775
WDOFUT;26/02/2020;4456,54;4494,87;4443,43;4490,84;5,091141466E10;1148063
WDOFUT;21/02/2020;4440,40;4444,94;4411,15;4429,30;6,096826464E10;1388259
WDOFUT;20/02/2020;4421,74;4437,88;4397,53;4433,84;6,533744614E10;1489083
WDOFUT;19/02/2020;4403,58;4416,19;4398,03;4404,09;4,759043478E10;1088905
WDOFUT;18/02/2020;4382,90;4403,58;4376,85;4395,51;5,454275525E10;1253415
WDOFUT;17/02/2020;4347,09;4371,30;4342,05;4367,27;3,394983896E10;785690
WDOFUT;14/02/2020;4363,74;4374,33;4329,95;4337,51;6,100798865E10;1413800
WDOFUT;13/02/2020;4418,71;4423,76;4349,11;4391,48;7,724986014E10;1777958
WDOFUT;12/02/2020;4361,22;4399,04;4361,22;4397,03;5,719960776E10;1317010
WDOFUT;11/02/2020;4354,66;4381,89;4339,02;4372,31;6,958180837E10;1609426
WDOFUT;10/02/2020;4353,65;4371,30;4346,59;4368,28;5,835563943E10;1349615
WDOFUT;07/02/2020;4338,02;4366,26;4328,94;4364,75;7,09774564E10;1645707
WDOFUT;06/02/2020;4259,84;4328,94;4250,26;4325,41;8,600040222E10;2019939
WDOFUT;05/02/2020;4289,60;4303,21;4269,42;4278,00;5,923122126E10;1393414
WDOFUT;04/02/2020;4275,98;4305,23;4266,40;4298,17;5,885907508E10;1386029
WDOFUT;03/02/2020;4313,81;4316,33;4273,46;4290,61;5,446708337E10;1279996
WDOFUT;31/01/2020;4303,21;4333,48;4289,60;4326,42;6,198251116E10;1448683
WDOFUT;30/01/2020;4287,58;4314,85;4280,51;4286,07;7,15200042E10;1680905
WDOFUT;29/01/2020;4239,62;4275,97;4223,96;4273,44;6,145841814E10;1460292
WDOFUT;28/01/2020;4246,18;4258,80;4230,02;4236,08;5,665507673E10;1347906
WDOFUT;27/01/2020;4254,76;4274,45;4242,14;4250,22;5,568528848E10;1320596
WDOFUT;24/01/2020;4210,84;4235,07;4208,82;4224,47;5,188932227E10;1240885
WDOFUT;23/01/2020;4230,53;4234,06;4199,73;4213,87;5,954996119E10;1427541
WDOFUT;22/01/2020;4244,16;4249,21;4216,90;4225,98;4,817963206E10;1149610
WDOFUT;21/01/2020;4242,65;4262,34;4226,99;4256,78;6,291883697E10;1497317
WDOFUT;20/01/2020;4209,32;4236,08;4207,81;4235,58;2,749569912E10;656895
WDOFUT;17/01/2020;4220,43;4237,60;4203,77;4206,80;5,44496055E10;1302219
WDOFUT;16/01/2020;4214,37;4245,67;4204,78;4230,02;5,892934445E10;1408937
WDOFUT;15/01/2020;4191,15;4231,03;4183,57;4220,93;6,637026375E10;1592384
WDOFUT;14/01/2020;4188,62;4206,80;4166,91;4178,02;6,153216419E10;1484710
WDOFUT;13/01/2020;4134,09;4192,66;4133,59;4192,66;6,238563407E10;1509503
WDOFUT;10/01/2020;4129,04;4150,25;4106,83;4141,16;5,490259339E10;1344742
WDOFUT;09/01/2020;4102,28;4140,15;4102,28;4138,64;5,376401013E10;1317305
WDOFUT;08/01/2020;4106,32;4123,49;4085,12;4108,85;6,088805235E10;1498060
WDOFUT;07/01/2020;4105,82;4138,64;4100,77;4114,40;5,628339626E10;1378842
WDOFUT;06/01/2020;4101,78;4120,46;4092,69;4107,33;4,75999371E10;1171097
WDOFUT;03/01/2020;4105,82;4115,41;4077,04;4102,28;4,291179573E10;1057511
WDOFUT;02/01/2020;4055,83;4085,62;4047,76;4069,97;4,262956594E10;1058201
WDOFUT;30/12/2019;4080,07;4090,67;4052,80;4064,42;2,427286685E10;602273
